9,-4.0509e-09,-4.8522e-07,2,-5.3972e-08,-1.2913e-07,-7.7602e-10,-2.2867e-08,-4.7178e-08,-4.2721e-12,16.051,5.7062,-0.012486,0,0
8.99,-2.6567e-06,-1.4247e-06,2,0.00079372,0.00028106,-6.1554e-07,-0.15788,-0.055826,0.000122,15.526,5.4597,-0.011916,0,0
8.98,-2.1054e-05,-7.9263e-06,2,0.0031401,0.0011082,-2.422e-06,-0.31053,-0.10921,0.00023835,15.006,5.2166,-0.011355,0,0
8.97,-7.0461e-05,-2.5328e-05,2,0.0069872,0.0024571,-5.364e-06,-0.45802,-0.16017,0.00034913,14.493,4.9769,-0.010802,0,0
8.96,-0.00016563,-5.8728e-05,2,0.012284,0.0043037,-9.3862e-06,-0.60041,-0.20875,0.00045441,13.985,4.7406,-0.010257,0,0
8.95,-0.00032079,-0.00011298,2,0.018978,0.0066244,-1.4434e-05,-0.73775,-0.25499,0.0005543,13.484,4.5076,-0.0097211,0,0
8.94,-0.00054969,-0.00019272,2,0.027022,0.0093958,-2.0454e-05,-0.8701,-0.29892,0.00064886,12.988,4.2779,-0.0091935,0,0
8.93,-0.00086556,-0.00030233,2,0.036364,0.012595,-2.7394e-05,-0.99753,-0.34056,0.0007382,12.499,4.0516,-0.0086742,0,0
8.92,-0.0012811,-0.00044597,2,0.046956,0.0162,-3.5201e-05,-1.1201,-0.37996,0.00082238,12.015,3.8286,-0.0081633,0,0
8.91,-0.0018087,-0.00062759,2,0.05875,0.020187,-4.3825e-05,-1.2379,-0.41715,0.00090149,11.537,3.609,-0.0076608,0,0
8.9,-0.00246,-0.00085091,2,0.071697,0.024535,-5.3214e-05,-1.3509,-0.45215,0.00097562,11.066,3.3927,-0.0071666,0,0
8.89,-0.0032463,-0.0011194,2,0.085752,0.029223,-6.3321e-05,-1.4592,-0.48501,0.0010449,10.6,3.1796,-0.0066808,0,0
8.88,-0.0041786,-0.0014364,2,0.10087,0.034228,-7.4095e-05,-1.5629,-0.51576,0.0011093,10.14,2.9699,-0.0062032,0,0
8.87,-0.005267,-0.001805,2,0.11699,0.039531,-8.549e-05,-1.662,-0.54442,0.0011689,9.686,2.7635,-0.005734,0,0
8.86,-0.0065217,-0.002228,2,0.13409,0.04511,-9.7459e-05,-1.7566,-0.57104,0.001224,9.2379,2.5604,-0.005273,0,0
8.85,-0.0079519,-0.002708,2,0.15211,0.050945,-0.00010995,-1.8468,-0.59564,0.0012744,8.7957,2.3605,-0.0048202,0,0
8.84,-0.0095668,-0.0032477,2,0.17101,0.057016,-0.00012293,-1.9326,-0.61826,0.0013204,8.3592,2.164,-0.0043757,0,0
8.83,-0.011375,-0.0038491,2,0.19075,0.063304,-0.00013635,-2.014,-0.63893,0.001362,7.9287,1.9707,-0.0039394,0,0
8.82,-0.013384,-0.0045144,2,0.21128,0.069788,-0.00015016,-2.0911,-0.65768,0.0013992,7.5039,1.7806,-0.0035112,0,0
8.81,-0.015603,-0.0052454,2,0.23256,0.076451,-0.00016432,-2.1641,-0.67455,0.0014322,7.085,1.5938,-0.0030913,0,0
8.8,-0.018038,-0.0060439,2,0.25455,0.083273,-0.00017879,-2.2329,-0.68957,0.0014611,6.6719,1.4102,-0.0026795,0,0
8.79,-0.020696,-0.0069114,2,0.2772,0.090236,-0.00019353,-2.2975,-0.70277,0.0014858,6.2645,1.2299,-0.0022758,0,0
8.78,-0.023584,-0.0078491,2,0.30048,0.097323,-0.00020849,-2.3582,-0.71418,0.0015066,5.863,1.0528,-0.0018803,0,0
8.77,-0.026708,-0.0088582,2,0.32435,0.10451,-0.00022365,-2.4148,-0.72383,0.0015235,5.4671,0.87898,-0.0014928,0,0
8.76,-0.030073,-0.0099396,2,0.34877,0.11179,-0.00023895,-2.4675,-0.73177,0.0015365,5.0771,0.70832,-0.0011134,0,0
8.75,-0.033685,-0.011094,2,0.37369,0.11914,-0.00025436,-2.5164,-0.73801,0.0015458,4.6928,0.54088,-0.00074213,0,0
8.74,-0.037548,-0.012323,2,0.39908,0.12655,-0.00026985,-2.5614,-0.7426,0.0015514,4.3141,0.37663,-0.00037885,0,0
8.73,-0.041668,-0.013625,2,0.4249,0.13399,-0.00028538,-2.6027,-0.74555,0.0015534,3.9412,0.21558,-2.3599e-05,0,0
8.72,-0.046048,-0.015003,2,0.45112,0.14145,-0.00030091,-2.6403,-0.74692,0.0015519,3.574,0.05771,0.00032365,0,0
8.71,-0.050691,-0.016454,2,0.4777,0.14892,-0.0003164,-2.6742,-0.74672,0.0015469,3.2125,-0.096982,0.00066292,0,0
8.7,-0.055603,-0.017981,2,0.50459,0.15638,-0.00033183,-2.7045,-0.74499,0.0015386,2.8567,-0.2485,0.00099422,0,0
8.69,-0.060784,-0.019582,2,0.53178,0.16382,-0.00034717,-2.7313,-0.74176,0.0015271,2.5065,-0.39686,0.0013176,0,0
8.68,-0.066239,-0.021257,2,0.55921,0.17121,-0.00036237,-2.7547,-0.73706,0.0015123,2.1619,-0.54207,0.001633,0,0
8.67,-0.071969,-0.023006,2,0.58686,0.17855,-0.0003774,-2.7746,-0.73093,0.0014944,1.823,-0.68413,0.0019405,0,0
8.66,-0.077977,-0.024828,2.0001,0.61469,0.18583,-0.00039224,-2.7912,-0.72339,0.0014735,1.4897,-0.82304,0.0022401,0,0
8.65,-0.084263,-0.026722,2.0001,0.64267,0.19302,-0.00040686,-2.8044,-0.71448,0.0014497,1.162,-0.95883,0.0025319,0,0
8.64,-0.090831,-0.028688,2.0001,0.67077,0.20011,-0.00042123,-2.8144,-0.70422,0.0014229,0.83988,-1.0915,0.0028158,0,0
8.63,-0.097679,-0.030724,2.0001,0.69895,0.2071,-0.00043531,-2.8212,-0.69266,0.0013934,0.52335,-1.221,0.0030919,0,0
8.62,-0.10481,-0.03283,2.0001,0.72718,0.21396,-0.00044909,-2.8249,-0.67981,0.0013611,0.21239,-1.3475,0.0033601,0,0
8.61,-0.11222,-0.035003,2.0001,0.75544,0.22069,-0.00046252,-2.8255,-0.66572,0.0013262,-0.093022,-1.4708,0.0036206,0,0
8.6,-0.11992,-0.037243,2.0001,0.78368,0.22727,-0.0004756,-2.8231,-0.65041,0.0012887,-0.39289,-1.591,0.0038733,0,0
8.59,-0.1279,-0.039548,2.0001,0.81189,0.23369,-0.00048829,-2.8176,-0.63391,0.0012488,-0.68724,-1.7082,0.0041182,0,0
8.58,-0.13616,-0.041916,2.0001,0.84002,0.23995,-0.00050057,-2.8093,-0.61626,0.0012064,-0.97607,-1.8222,0.0043554,0,0
8.57,-0.1447,-0.044346,2.0001,0.86806,0.24602,-0.00051241,-2.7981,-0.59748,0.0011617,-1.2594,-1.9332,0.0045848,0,0
8.56,-0.15352,-0.046836,2.0001,0.89598,0.25189,-0.00052379,-2.7842,-0.5776,0.0011147,-1.5372,-2.0411,0.0048066,0,0
8.55,-0.16262,-0.049383,2.0001,0.92374,0.25756,-0.0005347,-2.7674,-0.55666,0.0010656,-1.8096,-2.146,0.0050206,0,0
8.54,-0.17199,-0.051987,2.0001,0.95132,0.26302,-0.0005451,-2.748,-0.53469,0.0010143,-2.0765,-2.2478,0.0052271,0,0
8.53,-0.18164,-0.054643,2.0001,0.97869,0.26825,-0.00055498,-2.7259,-0.51172,0.00096105,-2.338,-2.3466,0.0054258,0,0
8.52,-0.19156,-0.057351,2.0001,1.0058,0.27325,-0.00056431,-2.7012,-0.48777,0.00090583,-2.594,-2.4423,0.005617,0,0
8.51,-0.20176,-0.060107,2.0001,1.0327,0.27801,-0.00057309,-2.674,-0.46288,0.00084874,-2.8446,-2.535,0.0058005,0,0
8.5,-0.21222,-0.06291,2.0001,1.0593,0.28251,-0.00058128,-2.6444,-0.43708,0.00078985,-3.0898,-2.6247,0.0059764,0,0
8.49,-0.22294,-0.065757,2.0001,1.0856,0.28675,-0.00058888,-2.6123,-0.4104,0.00072923,-3.3296,-2.7114,0.0061448,0,0
8.48,-0.23393,-0.068644,2.0001,1.1115,0.29071,-0.00059586,-2.5778,-0.38286,0.00066697,-3.564,-2.795,0.0063056,0,0
8.47,-0.24517,-0.07157,2.0002,1.1371,0.2944,-0.00060221,-2.541,-0.35451,0.00060315,-3.7931,-2.8757,0.0064589,0,0
8.46,-0.25667,-0.074531,2.0002,1.1623,0.2978,-0.00060792,-2.5019,-0.32536,0.00053782,-4.0167,-2.9533,0.0066047,0,0
8.45,-0.26842,-0.077525,2.0002,1.1872,0.30091,-0.00061296,-2.4607,-0.29545,0.00047108,-4.2351,-3.028,0.0067429,0,0
8.44,-0.28041,-0.080548,2.0002,1.2116,0.30371,-0.00061734,-2.4173,-0.26481,0.00040299,-4.4481,-3.0997,0.0068737,0,0
8.43,-0.29265,-0.083598,2.0002,1.2355,0.3062,-0.00062102,-2.3717,-0.23347,0.00033363,-4.6558,-3.1685,0.0069971,0,0
8.42,-0.30512,-0.086671,2.0002,1.259,0.30837,-0.000624,-2.3242,-0.20145,0.00026307,-4.8582,-3.2343,0.007113,0,0
8.41,-0.31782,-0.089765,2.0002,1.282,0.31023,-0.00062628,-2.2746,-0.16879,0.00019139,-5.0553,-3.2971,0.0072214,0,0
8.4,-0.33076,-0.092875,2.0002,1.3045,0.31175,-0.00062783,-2.2231,-0.13552,0.00011867,-5.2471,-3.357,0.0073225,0,0
8.39,-0.34391,-0.095998,2.0002,1.3264,0.31293,-0.00062865,-2.1697,-0.10166,4.4968e-05,-5.4336,-3.4139,0.0074162,0,0
8.38,-0.35728,-0.099132,2.0002,1.3479,0.31378,-0.00062872,-2.1144,-0.067251,-2.9631e-05,-5.6149,-3.4679,0.0075025,0,0
8.37,-0.37087,-0.10227,2.0002,1.3687,0.31428,-0.00062805,-2.0574,-0.032314,-0.00010506,-5.791,-3.519,0.0075815,0,0
8.36,-0.38466,-0.10542,2.0002,1.389,0.31442,-0.00062662,-1.9986,0.003119,-0.00018124,-5.9618,-3.5671,0.0076532,0,0
8.35,-0.39865,-0.10856,2.0002,1.4087,0.31421,-0.00062443,-1.9382,0.039019,-0.0002581,-6.1274,-3.6124,0.0077175,0,0
8.34,-0.41283,-0.1117,2.0002,1.4278,0.31364,-0.00062146,-1.8761,0.075357,-0.00033556,-6.2878,-3.6547,0.0077746,0,0
8.33,-0.4272,-0.11483,2.0002,1.4462,0.31271,-0.00061771,-1.8124,0.1121,-0.00041356,-6.443,-3.6942,0.0078244,0,0
8.32,-0.44175,-0.11795,2.0002,1.464,0.3114,-0.00061318,-1.7472,0.14923,-0.00049203,-6.5931,-3.7307,0.0078669,0,0
8.31,-0.45648,-0.12106,2.0002,1.4811,0.30972,-0.00060787,-1.6806,0.18671,-0.00057088,-6.738,-3.7644,0.0079022,0,0
8.3,-0.47137,-0.12415,2.0003,1.4976,0.30766,-0.00060177,-1.6125,0.22451,-0.00065005,-6.8777,-3.7952,0.0079303,0,0
8.29,-0.48643,-0.12721,2.0003,1.5134,0.30523,-0.00059487,-1.5431,0.2626,-0.00072946,-7.0123,-3.8232,0.0079512,0,0
8.28,-0.50164,-0.13025,2.0003,1.5285,0.30241,-0.00058718,-1.4723,0.30096,-0.00080905,-7.1418,-3.8482,0.0079649,0,0
8.27,-0.51699,-0.13326,2.0003,1.5428,0.29921,-0.00057869,-1.4002,0.33956,-0.00088873,-7.2661,-3.8705,0.0079715,0,0
8.26,-0.53249,-0.13623,2.0003,1.5565,0.29562,-0.0005694,-1.327,0.37836,-0.00096845,-7.3854,-3.8899,0.0079709,0,0
8.25,-0.54812,-0.13917,2.0003,1.5694,0.29164,-0.00055932,-1.2525,0.41735,-0.0010481,-7.4996,-3.9064,0.0079632,0,0
8.24,-0.56387,-0.14206,2.0003,1.5815,0.28727,-0.00054844,-1.177,0.45648,-0.0011277,-7.6087,-3.9201,0.0079484,0,0
8.23,-0.57975,-0.14491,2.0003,1.5929,0.28251,-0.00053677,-1.1004,0.49574,-0.0012071,-7.7127,-3.931,0.0079265,0,0
8.22,-0.59573,-0.14771,2.0003,1.6035,0.27736,-0.0005243,-1.0228,0.53509,-0.0012862,-7.8117,-3.9391,0.0078976,0,0
8.21,-0.61182,-0.15046,2.0003,1.6134,0.27181,-0.00051104,-0.94417,0.57451,-0.001365,-7.9057,-3.9444,0.0078616,0,0
8.2,-0.62799,-0.15315,2.0003,1.6224,0.26587,-0.000497,-0.86466,0.61397,-0.0014434,-7.9947,-3.9469,0.0078186,0,0
8.19,-0.64426,-0.15577,2.0003,1.6306,0.25953,-0.00048218,-0.78429,0.65344,-0.0015214,-8.0786,-3.9466,0.0077686,0,0
8.18,-0.6606,-0.15834,2.0003,1.6381,0.2528,-0.00046657,-0.70311,0.69289,-0.0015988,-8.1576,-3.9435,0.0077116,0,0
8.17,-0.67702,-0.16083,2.0003,1.6447,0.24567,-0.0004502,-0.62116,0.7323,-0.0016756,-8.2315,-3.9376,0.0076476,0,0
8.16,-0.6935,-0.16325,2.0003,1.6505,0.23815,-0.00043307,-0.5385,0.77164,-0.0017517,-8.3005,-3.929,0.0075767,0,0
8.15,-0.71003,-0.16559,2.0003,1.6555,0.23024,-0.00041517,-0.45517,0.81087,-0.0018271,-8.3646,-3.9176,0.0074988,0,0
8.14,-0.7266,-0.16785,2.0003,1.6596,0.22193,-0.00039653,-0.37122,0.84998,-0.0019016,-8.4237,-3.9034,0.007414,0,0
8.13,-0.74322,-0.17003,2.0003,1.6629,0.21324,-0.00037714,-0.28671,0.88893,-0.0019753,-8.4779,-3.8865,0.0073224,0,0
8.12,-0.75986,-0.17212,2.0003,1.6653,0.20416,-0.00035702,-0.20168,0.9277,-0.0020481,-8.5271,-3.8669,0.0072238,0,0
8.11,-0.77652,-0.17411,2.0003,1.6669,0.19469,-0.00033618,-0.11618,0.96626,-0.0021198,-8.5715,-3.8445,0.0071184,0,0
8.1,-0.79319,-0.17601,2.0004,1.6677,0.18483,-0.00031463,-0.030266,1.0046,-0.0021904,-8.611,-3.8194,0.0070062,0,0
8.09,-0.80987,-0.17781,2.0004,1.6675,0.1746,-0.00029238,0.056021,1.0426,-0.0022599,-8.6456,-3.7916,0.0068871,0,0
8.08,-0.82654,-0.1795,2.0004,1.6665,0.16398,-0.00026944,0.14263,1.0804,-0.0023281,-8.6753,-3.7611,0.0067613,0,0
8.07,-0.8432,-0.18108,2.0004,1.6647,0.15299,-0.00024582,0.22951,1.1179,-0.0023951,-8.7002,-3.7278,0.0066286,0,0
8.06,-0.85983,-0.18256,2.0004,1.6619,0.14162,-0.00022154,0.31662,1.155,-0.0024607,-8.7202,-3.6919,0.0064892,0,0
8.05,-0.87643,-0.18391,2.0004,1.6583,0.12989,-0.00019661,0.4039,1.1917,-0.0025248,-8.7354,-3.6533,0.0063431,0,0
8.04,-0.893,-0.18515,2.0004,1.6539,0.11779,-0.00017105,0.49131,1.228,-0.0025875,-8.7458,-3.612,0.0061902,0,0
8.03,-0.90951,-0.18627,2.0004,1.6485,0.10533,-0.00014487,0.5788,1.2639,-0.0026486,-8.7515,-3.568,0.0060306,0,0
8.02,-0.92596,-0.18726,2.0004,1.6423,0.092515,-0.00011808,0.66632,1.2994,-0.0027081,-8.7523,-3.5214,0.0058644,0,0
8.01,-0.94235,-0.18812,2.0004,1.6352,0.079346,-9.071e-05,0.75383,1.3343,-0.0027659,-8.7483,-3.4721,0.0056914,0,0
8,-0.95866,-0.18884,2.0004,1.6272,0.06583,-6.277e-05,0.84127,1.3688,-0.0028219,-8.7396,-3.4202,0.0055119,0,0
7.99,-0.97489,-0.18943,2.0004,1.6184,0.051972,-3.4278e-05,0.92861,1.4027,-0.0028761,-8.7262,-3.3656,0.0053256,0,0
7.98,-0.99103,-0.18988,2.0004,1.6086,0.037777,-5.2541e-06,1.0158,1.4361,-0.0029284,-8.708,-3.3084,0.0051328,0,0
7.97,-1.0071,-0.19019,2.0004,1.598,0.023252,2.4283e-05,1.1028,1.4689,-0.0029787,-8.6851,-3.2485,0.0049334,0,0
7.96,-1.023,-0.19035,2.0004,1.5866,0.0084016,5.4314e-05,1.1895,1.5011,-0.0030271,-8.6575,-3.186,0.0047274,0,0
7.95,-1.0388,-0.19036,2.0004,1.5743,-0.0067672,8.4817e-05,1.2759,1.5326,-0.0030733,-8.6251,-3.121,0.0045148,0,0
7.94,-1.0545,-0.19021,2.0004,1.5611,-0.022248,0.00011577,1.362,1.5635,-0.0031173,-8.5882,-3.0533,0.0042958,0,0
7.93,-1.07,-0.18991,2.0004,1.547,-0.038034,0.00014716,1.4476,1.5937,-0.0031592,-8.5465,-2.983,0.0040702,0,0
7.92,-1.0854,-0.18945,2.0004,1.5321,-0.054119,0.00017895,1.5329,1.6231,-0.0031987,-8.5002,-2.9101,0.003838,0,0
7.91,-1.1006,-0.18883,2.0004,1.5164,-0.070494,0.00021112,1.6176,1.6518,-0.0032359,-8.4492,-2.8346,0.0035995,0,0
7.9,-1.1157,-0.18804,2.0004,1.4998,-0.087153,0.00024366,1.7018,1.6798,-0.0032707,-8.3936,-2.7566,0.0033544,0,0
7.89,-1.1306,-0.18708,2.0004,1.4823,-0.10409,0.00027653,1.7855,1.707,-0.003303,-8.3334,-2.676,0.0031029,0,0
7.88,-1.1454,-0.18596,2.0004,1.4641,-0.12129,0.00030971,1.8685,1.7333,-0.0033327,-8.2686,-2.5928,0.002845,0,0
7.87,-1.1599,-0.18466,2.0004,1.445,-0.13875,0.00034317,1.9508,1.7588,-0.0033598,-8.1992,-2.5071,0.0025807,0,0
7.86,-1.1743,-0.18318,2.0004,1.425,-0.15646,0.0003769,2.0325,1.7834,-0.0033843,-8.1252,-2.4188,0.00231,0,0
7.85,-1.1884,-0.18153,2.0003,1.4043,-0.17442,0.00041085,2.1133,1.8072,-0.003406,-8.0467,-2.328,0.0020329,0,0
7.84,-1.2024,-0.17969,2.0003,1.3828,-0.1926,0.00044501,2.1934,1.83,-0.0034249,-7.9636,-2.2346,0.0017495,0,0
7.83,-1.2161,-0.17767,2.0003,1.3605,-0.21101,0.00047934,2.2726,1.8519,-0.003441,-7.876,-2.1388,0.0014597,0,0
7.82,-1.2296,-0.17547,2.0003,1.3373,-0.22964,0.00051382,2.3509,1.8728,-0.0034541,-7.7838,-2.0404,0.0011636,0,0
7.81,-1.2428,-0.17308,2.0003,1.3134,-0.24847,0.00054841,2.4282,1.8927,-0.0034642,-7.6871,-1.9395,0.00086126,0,0
7.8,-1.2558,-0.1705,2.0003,1.2888,-0.26749,0.00058309,2.5046,1.9115,-0.0034713,-7.586,-1.8361,0.00055262,0,0
7.79,-1.2686,-0.16773,2.0003,1.2633,-0.28669,0.00061783,2.5799,1.9294,-0.0034753,-7.4803,-1.7302,0.00023773,0,0
7.78,-1.2811,-0.16477,2.0003,1.2372,-0.30607,0.00065259,2.6542,1.9461,-0.0034761,-7.3702,-1.6218,-8.3401e-05,0,0
7.77,-1.2933,-0.16161,2.0003,1.2103,-0.32561,0.00068734,2.7273,1.9618,-0.0034736,-7.2556,-1.5109,-0.00041075,0,0
7.76,-1.3053,-0.15825,2.0003,1.1826,-0.3453,0.00072205,2.7993,1.9764,-0.0034678,-7.1366,-1.3976,-0.0007443,0,0
7.75,-1.317,-0.1547,2.0003,1.1543,-0.36514,0.00075668,2.8701,1.9898,-0.0034587,-7.0131,-1.2818,-0.001084,0,0
7.74,-1.3284,-0.15095,2.0003,1.1252,-0.3851,0.00079121,2.9395,2.002,-0.0034461,-6.8852,-1.1635,-0.0014299,0,0
7.73,-1.3395,-0.147,2.0003,1.0955,-0.40517,0.00082559,3.0077,2.013,-0.0034301,-6.7529,-1.0428,-0.0017819,0,0
7.72,-1.3503,-0.14285,2.0003,1.0651,-0.42535,0.0008598,3.0746,2.0228,-0.0034105,-6.6162,-0.91968,-0.0021401,0,0
7.71,-1.3608,-0.13849,2.0003,1.034,-0.44562,0.00089379,3.1401,2.0314,-0.0033872,-6.4751,-0.79409,-0.0025044,0,0
7.7,-1.371,-0.13393,2.0002,1.0023,-0.46598,0.00092753,3.2041,2.0387,-0.0033603,-6.3297,-0.66607,-0.0028747,0,0
7.69,-1.3808,-0.12917,2.0002,0.96994,-0.48639,0.00096099,3.2666,2.0447,-0.0033297,-6.1799,-0.53563,-0.0032511,0,0
7.68,-1.3904,-0.1242,2.0002,0.93696,-0.50687,0.00099411,3.3277,2.0494,-0.0032953,-6.0257,-0.40278,-0.0036336,0,0
7.67,-1.3996,-0.11903,2.0002,0.90339,-0.52738,0.0010269,3.3871,2.0528,-0.003257,-5.8672,-0.26752,-0.0040221,0,0
7.66,-1.4084,-0.11366,2.0002,0.86923,-0.54792,0.0010592,3.445,2.0548,-0.0032148,-5.7044,-0.12987,-0.0044166,0,0
7.65,-1.4169,-0.10808,2.0002,0.83449,-0.56847,0.0010912,3.5012,2.0554,-0.0031687,-5.5373,0.01018,-0.0048171,0,0
7.64,-1.4251,-0.10229,2.0002,0.79921,-0.58902,0.0011226,3.5557,2.0545,-0.0031185,-5.3659,0.15261,-0.0052235,0,0
7.63,-1.4329,-0.096295,2.0002,0.76339,-0.60955,0.0011535,3.6085,2.0523,-0.0030642,-5.1903,0.29742,-0.005636,0,0
7.62,-1.4404,-0.090097,2.0002,0.72704,-0.63006,0.0011839,3.6595,2.0486,-0.0030057,-5.0103,0.4446,-0.0060543,0,0
7.61,-1.4475,-0.083694,2.0001,0.6902,-0.65052,0.0012136,3.7087,2.0434,-0.0029431,-4.8261,0.59414,-0.0064786,0,0
7.6,-1.4542,-0.077086,2.0001,0.65288,-0.67092,0.0012427,3.756,2.0367,-0.0028762,-4.6377,0.74603,-0.0069088,0,0
7.59,-1.4605,-0.070276,2.0001,0.61509,-0.69125,0.0012711,3.8014,2.0285,-0.0028049,-4.445,0.90027,-0.0073448,0,0
7.58,-1.4665,-0.063262,2.0001,0.57685,-0.71149,0.0012988,3.8449,2.0187,-0.0027292,-4.2482,1.0568,-0.0077867,0,0
7.57,-1.4721,-0.056046,2.0001,0.5382,-0.73162,0.0013257,3.8864,2.0073,-0.0026491,-4.0471,1.2158,-0.0082345,0,0
7.56,-1.4772,-0.04863,2.0001,0.49913,-0.75163,0.0013518,3.9258,1.9944,-0.0025645,-3.8418,1.377,-0.0086881,0,0
7.55,-1.482,-0.041014,2.0001,0.45969,-0.7715,0.001377,3.9632,1.9798,-0.0024754,-3.6324,1.5405,-0.0091475,0,0
7.54,-1.4864,-0.0332,2.0001,0.41988,-0.79122,0.0014013,3.9985,1.9635,-0.0023816,-3.4188,1.7064,-0.0096126,0,0
7.53,-1.4904,-0.02519,2,0.37972,-0.81076,0.0014246,4.0316,1.9456,-0.0022831,-3.2011,1.8746,-0.010084,0,0
7.52,-1.494,-0.016986,2,0.33925,-0.83012,0.0014469,4.0625,1.926,-0.0021799,-2.9792,2.045,-0.01056,0,0
7.51,-1.4972,-0.0085885,2,0.29848,-0.84928,0.0014682,4.0911,1.9047,-0.0020719,-2.7532,2.2178,-0.011043,0,0
7.5,-1.5,-8.1879e-07,2,0.25744,-0.86821,0.0014883,4.1175,1.8817,-0.001959,-2.5231,2.3928,-0.011531,0,0
7.49,-1.5024,0.0087756,2,0.21614,-0.88691,0.0015073,4.1416,1.8569,-0.0018413,-2.2925,2.5669,-0.012012,0,0
7.48,-1.5043,0.017737,2,0.17461,-0.90534,0.0015251,4.1634,1.8304,-0.0017188,-2.0649,2.737,-0.012475,0,0
7.47,-1.5059,0.026882,2,0.13288,-0.92351,0.0015417,4.1829,1.8021,-0.0015918,-1.8404,2.9031,-0.012919,0,0
7.46,-1.507,0.036206,1.9999,0.090961,-0.94138,0.001557,4.2002,1.7723,-0.0014605,-1.619,3.0651,-0.013344,0,0
7.45,-1.5077,0.045708,1.9999,0.048882,-0.95895,0.0015709,4.2153,1.7409,-0.001325,-1.4006,3.223,-0.013751,0,0
7.44,-1.508,0.055384,1.9999,0.0066621,-0.97619,0.0015834,4.2282,1.7079,-0.0011855,-1.1852,3.377,-0.014139,0,0
7.43,-1.5078,0.065231,1.9999,-0.035676,-0.9931,0.0015946,4.239,1.6733,-0.0010423,-0.97286,3.527,-0.014509,0,0
7.42,-1.5072,0.075245,1.9999,-0.078111,-1.0097,0.0016043,4.2477,1.6373,-0.00089542,-0.76355,3.6729,-0.01486,0,0
7.41,-1.5062,0.085423,1.9999,-0.12062,-1.0258,0.0016125,4.2543,1.5999,-0.00074515,-0.55725,3.8149,-0.015192,0,0
7.4,-1.5048,0.095761,1.9998,-0.16319,-1.0416,0.0016192,4.2589,1.561,-0.00059164,-0.35396,3.953,-0.015506,0,0
7.39,-1.503,0.10625,1.9998,-0.20579,-1.0571,0.0016243,4.2614,1.5208,-0.00043508,-0.15366,4.087,-0.015802,0,0
7.38,-1.5007,0.1169,1.9998,-0.24841,-1.0721,0.0016279,4.2619,1.4793,-0.00027566,0.043644,4.2172,-0.01608,0,0
7.37,-1.498,0.12769,1.9998,-0.29103,-1.0866,0.0016298,4.2605,1.4365,-0.00011355,0.23797,4.3433,-0.016339,0,0
7.36,-1.4949,0.13863,1.9998,-0.33362,-1.1008,0.0016301,4.2572,1.3925,5.1062e-05,0.42931,4.4656,-0.01658,0,0
7.35,-1.4913,0.14971,1.9998,-0.37616,-1.1145,0.0016288,4.2519,1.3472,0.00021799,0.61769,4.584,-0.016803,0,0
7.34,-1.4874,0.16092,1.9997,-0.41865,-1.1277,0.0016258,4.2448,1.3008,0.00038706,0.80311,4.6984,-0.017008,0,0
7.33,-1.483,0.17226,1.9997,-0.46105,-1.1405,0.001621,4.2359,1.2533,0.00055809,0.98558,4.809,-0.017195,0,0
7.32,-1.4781,0.18373,1.9997,-0.50336,-1.1528,0.0016146,4.2251,1.2046,0.0007309,1.1651,4.9156,-0.017364,0,0
7.31,-1.4729,0.19532,1.9997,-0.54555,-1.1646,0.0016064,4.2126,1.155,0.00090531,1.3417,5.0184,-0.017515,0,0
7.3,-1.4672,0.20702,1.9997,-0.58761,-1.1759,0.0015965,4.1983,1.1043,0.0010811,1.5154,5.1174,-0.017648,0,0
7.29,-1.4612,0.21883,1.9997,-0.62951,-1.1867,0.0015848,4.1823,1.0526,0.0012582,1.6861,5.2125,-0.017763,0,0
7.28,-1.4546,0.23075,1.9996,-0.67125,-1.1969,0.0015713,4.1646,1,0.0014363,1.8539,5.3037,-0.017861,0,0
7.27,-1.4477,0.24277,1.9996,-0.7128,-1.2067,0.0015561,4.1452,0.94656,0.0016154,2.0189,5.3911,-0.01794,0,0
7.26,-1.4404,0.25488,1.9996,-0.75415,-1.2159,0.001539,4.1242,0.89223,0.0017951,2.1809,5.4747,-0.018002,0,0
7.25,-1.4326,0.26708,1.9996,-0.79528,-1.2245,0.0015202,4.1016,0.83708,0.0019753,2.34,5.5545,-0.018047,0,0
7.24,-1.4245,0.27937,1.9996,-0.83617,-1.2326,0.0014995,4.0774,0.78115,0.002156,2.4963,5.6306,-0.018074,0,0
7.23,-1.4159,0.29173,1.9996,-0.87682,-1.2401,0.001477,4.0517,0.72448,0.0023368,2.6497,5.7028,-0.018083,0,0
7.22,-1.407,0.30417,1.9996,-0.9172,-1.2471,0.0014528,4.0245,0.66711,0.0025176,2.8002,5.7712,-0.018075,0,0
7.21,-1.3976,0.31667,1.9995,-0.9573,-1.2535,0.0014267,3.9957,0.60907,0.0026982,2.9479,5.8359,-0.01805,0,0
7.2,-1.3878,0.32924,1.9995,-0.99711,-1.2593,0.0013988,3.9655,0.5504,0.0028785,3.0927,5.8969,-0.018007,0,0
7.19,-1.3776,0.34186,1.9995,-1.0366,-1.2645,0.0013691,3.9339,0.49114,0.0030583,3.2347,5.9541,-0.017947,0,0
7.18,-1.3671,0.35453,1.9995,-1.0758,-1.2691,0.0013376,3.9008,0.43133,0.0032374,3.3738,6.0075,-0.017869,0,0
7.17,-1.3561,0.36724,1.9995,-1.1146,-1.2731,0.0013044,3.8664,0.37101,0.0034156,3.5101,6.0573,-0.017775,0,0
7.16,-1.3448,0.37999,1.9995,-1.1531,-1.2765,0.0012693,3.8306,0.3102,0.0035928,3.6436,6.1033,-0.017663,0,0
7.15,-1.3331,0.39277,1.9995,-1.1912,-1.2793,0.0012325,3.7935,0.24895,0.0037688,3.7743,6.1457,-0.017534,0,0
7.14,-1.321,0.40557,1.9995,-1.229,-1.2815,0.001194,3.7552,0.1873,0.0039434,3.9022,6.1843,-0.017388,0,0
7.13,-1.3085,0.41839,1.9994,-1.2663,-1.283,0.0011537,3.7155,0.12528,0.0041165,4.0272,6.2193,-0.017225,0,0
7.12,-1.2956,0.43123,1.9994,-1.3033,-1.284,0.0011116,3.6746,0.062926,0.0042879,4.1495,6.2506,-0.017045,0,0
7.11,-1.2824,0.44407,1.9994,-1.3398,-1.2843,0.0010679,3.6325,0.00027825,0.0044574,4.2691,6.2783,-0.016849,0,0
7.1,-1.2688,0.45691,1.9994,-1.3759,-1.284,0.0010225,3.5893,-0.062628,0.0046248,4.3858,6.3023,-0.016635,0,0
7.09,-1.2549,0.46975,1.9994,-1.4116,-1.2831,0.00097541,3.5448,-0.12576,0.00479,4.4998,6.3227,-0.016405,0,0
7.08,-1.2406,0.48257,1.9994,-1.4468,-1.2815,0.0009267,3.4993,-0.18907,0.0049528,4.611,6.3394,-0.016157,0,0
7.07,-1.226,0.49538,1.9994,-1.4816,-1.2793,0.00087637,3.4526,-0.25253,0.0051131,4.7195,6.3526,-0.015894,0,0
7.06,-1.211,0.50816,1.9994,-1.5159,-1.2764,0.00082444,3.4049,-0.31611,0.0052707,4.8252,6.3622,-0.015613,0,0
7.05,-1.1957,0.5209,1.9994,-1.5497,-1.2729,0.00077096,3.3561,-0.37976,0.0054253,4.9282,6.3681,-0.015316,0,0
7.04,-1.18,0.53361,1.9994,-1.583,-1.2688,0.00071595,3.3063,-0.44346,0.0055769,5.0285,6.3705,-0.015003,0,0
7.03,-1.164,0.54628,1.9993,-1.6158,-1.2641,0.00065943,3.2556,-0.50716,0.0057253,5.1261,6.3693,-0.014673,0,0
7.02,-1.1477,0.55889,1.9993,-1.6481,-1.2587,0.00060145,3.2038,-0.57083,0.0058703,5.2209,6.3646,-0.014326,0,0
7.01,-1.131,0.57145,1.9993,-1.6799,-1.2527,0.00054204,3.1511,-0.63444,0.0060118,5.3131,6.3563,-0.013963,0,0
7,-1.1141,0.58394,1.9993,-1.7111,-1.246,0.00048123,3.0976,-0.69795,0.0061495,5.4025,6.3445,-0.013584,0,0
6.99,-1.0968,0.59637,1.9993,-1.7418,-1.2387,0.00041906,3.0431,-0.76132,0.0062834,5.4893,6.3292,-0.013189,0,0
6.98,-1.0792,0.60871,1.9993,-1.772,-1.2308,0.00035558,2.9878,-0.82452,0.0064132,5.5734,6.3103,-0.012777,0,0
6.97,-1.0614,0.62098,1.9993,-1.8016,-1.2222,0.00029081,2.9316,-0.88751,0.0065389,5.6548,6.2879,-0.012349,0,0
6.96,-1.0432,0.63316,1.9993,-1.8306,-1.213,0.00022481,2.8747,-0.95027,0.0066602,5.7336,6.2621,-0.011905,0,0
6.95,-1.0248,0.64524,1.9993,-1.8591,-1.2032,0.00015762,2.817,-1.0127,0.0067769,5.8097,6.2328,-0.011445,0,0
6.94,-1.006,0.65722,1.9993,-1.8869,-1.1928,8.9289e-05,2.7585,-1.0749,0.006889,5.8831,6.2,-0.010969,0,0
6.93,-0.98703,0.66909,1.9993,-1.9142,-1.1817,1.9859e-05,2.6993,-1.1367,0.0069963,5.9539,6.1637,-0.010477,0,0
6.92,-0.96775,0.68085,1.9993,-1.9409,-1.17,-5.0619e-05,2.6394,-1.1982,0.0070985,6.0221,6.124,-0.0099688,0,0
6.91,-0.94821,0.69249,1.9993,-1.967,-1.1578,-0.00012209,2.5789,-1.2592,0.0071956,6.0877,6.0809,-0.009445,0,0
6.9,-0.92842,0.704,1.9993,-1.9925,-1.1449,-0.00019451,2.5177,-1.3198,0.0072873,6.1506,6.0343,-0.0089054,0,0
6.89,-0.90837,0.71539,1.9993,-2.0174,-1.1314,-0.00026782,2.4559,-1.3799,0.0073736,6.211,5.9843,-0.00835,0,0
6.88,-0.88807,0.72663,1.9993,-2.0416,-1.1173,-0.00034197,2.3935,-1.4395,0.0074543,6.2687,5.9309,-0.0077789,0,0
6.87,-0.86754,0.73773,1.9993,-2.0652,-1.1026,-0.00041689,2.3305,-1.4985,0.0075292,6.3239,5.8742,-0.0071921,0,0
6.86,-0.84677,0.74868,1.9993,-2.0882,-1.0873,-0.00049253,2.267,-1.5569,0.0075981,6.3764,5.814,-0.0065898,0,0
6.85,-0.82577,0.75947,1.9993,-2.1106,-1.0714,-0.00056883,2.203,-1.6148,0.0076609,6.4264,5.7505,-0.0059719,0,0
6.84,-0.80456,0.77011,1.9993,-2.1323,-1.055,-0.00064573,2.1385,-1.6719,0.0077175,6.4738,5.6836,-0.0053385,0,0
6.83,-0.78313,0.78057,1.9993,-2.1533,-1.038,-0.00072316,2.0735,-1.7284,0.0077676,6.5187,5.6133,-0.0046896,0,0
6.82,-0.76149,0.79086,1.9994,-2.1738,-1.0204,-0.00080106,2.0081,-1.7842,0.0078112,6.561,5.5397,-0.0040253,0,0
6.81,-0.73966,0.80098,1.9994,-2.1935,-1.0023,-0.00087936,1.9423,-1.8392,0.0078481,6.6007,5.4628,-0.0033457,0,0
6.8,-0.71763,0.81091,1.9994,-2.2126,-0.98365,-0.000958,1.8761,-1.8934,0.0078781,6.638,5.3826,-0.0026508,0,0
6.79,-0.69541,0.82065,1.9994,-2.231,-0.96445,-0.0010369,1.8096,-1.9468,0.007901,6.6727,5.2991,-0.0019407,0,0
6.78,-0.67301,0.8302,1.9994,-2.2488,-0.94472,-0.001116,1.7427,-1.9994,0.0079168,6.7048,5.2122,-0.0012153,0,0
6.77,-0.65043,0.83954,1.9994,-2.2659,-0.92447,-0.0011952,1.6755,-2.0511,0.0079253,6.7345,5.1221,-0.00047484,0,0
6.76,-0.62769,0.84868,1.9994,-2.2823,-0.9037,-0.0012745,1.608,-2.1018,0.0079263,6.7616,5.0287,0.00028073,0,0
6.75,-0.60479,0.85761,1.9994,-2.298,-0.88243,-0.0013537,1.5403,-2.1516,0.0079196,6.7863,4.932,0.0010513,0,0
6.74,-0.58173,0.86633,1.9994,-2.3131,-0.86067,-0.0014328,1.4723,-2.2005,0.0079052,6.8084,4.8321,0.0018369,0,0
6.73,-0.55853,0.87483,1.9995,-2.3275,-0.83843,-0.0015118,1.4041,-2.2483,0.0078828,6.8281,4.729,0.0026375,0,0
6.72,-0.53519,0.8831,1.9995,-2.3412,-0.81571,-0.0015905,1.3357,-2.295,0.0078524,6.8453,4.6226,0.0034529,0,0
6.71,-0.51171,0.89114,1.9995,-2.3542,-0.79253,-0.0016688,1.2672,-2.3407,0.0078137,6.86,4.513,0.0042831,0,0
6.7,-0.4881,0.89895,1.9995,-2.3665,-0.7689,-0.0017467,1.1985,-2.3853,0.0077667,6.8723,4.4002,0.0051281,0,0
6.69,-0.46438,0.90651,1.9995,-2.3782,-0.74483,-0.0018241,1.1298,-2.4287,0.0077111,6.8821,4.2842,0.0059879,0,0
6.68,-0.44054,0.91384,1.9995,-2.3891,-0.72033,-0.0019009,1.0609,-2.4709,0.0076469,6.8895,4.165,0.0068623,0,0
6.67,-0.4166,0.92092,1.9996,-2.3994,-0.69541,-0.001977,0.99199,-2.512,0.0075738,6.8944,4.0426,0.0077513,0,0
6.66,-0.39256,0.92775,1.9996,-2.409,-0.67009,-0.0020524,0.92303,-2.5518,0.0074918,6.8969,3.917,0.0086549,0,0
6.65,-0.36842,0.93432,1.9996,-2.4178,-0.64438,-0.0021268,0.85406,-2.5903,0.0074007,6.897,3.7883,0.0095731,0,0
6.64,-0.3442,0.94063,1.9996,-2.426,-0.61829,-0.0022003,0.7851,-2.6275,0.0073003,6.8947,3.6565,0.010506,0,0
6.63,-0.3199,0.94669,1.9996,-2.4336,-0.59183,-0.0022728,0.71617,-2.6634,0.0071905,6.89,3.5215,0.011453,0,0
6.62,-0.29553,0.95247,1.9997,-2.4404,-0.56503,-0.0023441,0.6473,-2.698,0.0070712,6.8828,3.3834,0.012414,0,0
6.61,-0.2711,0.95798,1.9997,-2.4465,-0.53788,-0.0024142,0.57852,-2.7311,0.0069422,6.8733,3.2422,0.01339,0,0
6.6,-0.24661,0.96323,1.9997,-2.4519,-0.51041,-0.0024829,0.50985,-2.7628,0.0068034,6.8614,3.0979,0.01438,0,0
6.59,-0.22206,0.96819,1.9997,-2.4567,-0.48263,-0.0025502,0.4413,-2.793,0.0066545,6.8471,2.9505,0.015384,0,0
6.58,-0.19748,0.97288,1.9998,-2.4608,-0.45455,-0.002616,0.37291,-2.8218,0.0064956,6.8305,2.8,0.016402,0,0
6.57,-0.17285,0.97728,1.9998,-2.4642,-0.4262,-0.0026801,0.3047,-2.849,0.0063265,6.8115,2.6465,0.017435,0,0
6.56,-0.14819,0.9814,1.9998,-2.4669,-0.39758,-0.0027425,0.23669,-2.8747,0.0061469,6.7902,2.4899,0.018481,0,0
6.55,-0.12352,0.98523,1.9999,-2.4689,-0.36871,-0.002803,0.1689,-2.8988,0.0059568,6.7665,2.3302,0.019542,0,0
6.54,-0.098819,0.98877,1.9999,-2.4702,-0.33961,-0.0028616,0.10137,-2.9213,0.005756,6.7404,2.1675,0.020616,0,0
6.53,-0.074113,0.99202,1.9999,-2.4709,-0.31029,-0.0029181,0.034102,-2.9422,0.0055444,6.7121,2.0018,0.021705,0,0
6.52,-0.049403,0.99498,1.9999,-2.4709,-0.28077,-0.0029724,-0.032867,-2.9613,0.0053219,6.6814,1.8331,0.022807,0,0
6.51,-0.024697,0.99764,2,-2.4703,-0.25107,-0.0030245,-0.099518,-2.9788,0.0050882,6.6484,1.6613,0.023923,0,0
6.5,-6.4348e-08,1,2,-2.4689,-0.2212,-0.0030742,-0.16583,-2.9946,0.0048434,6.6131,1.4866,0.025053,0,0
6.49,0.02468,1.0021,2,-2.4669,-0.19118,-0.0031213,-0.23178,-3.0085,0.0045872,6.5763,1.3117,0.026168,0,0
6.48,0.049337,1.0038,2.0001,-2.4643,-0.16103,-0.0031659,-0.29735,-3.0208,0.0043202,6.5386,1.1395,0.027239,0,0
6.47,0.073964,1.0053,2.0001,-2.461,-0.13077,-0.0032077,-0.36255,-3.0313,0.0040426,6.5002,0.96986,0.028268,0,0
6.46,0.098554,1.0064,2.0001,-2.457,-0.10041,-0.0032467,-0.42735,-3.0402,0.0037549,6.4609,0.80288,0.029254,0,0
6.45,0.1231,1.0073,2.0002,-2.4525,-0.069973,-0.0032828,-0.49176,-3.0474,0.0034576,6.4208,0.63853,0.030198,0,0
6.44,0.1476,1.0078,2.0002,-2.4472,-0.03947,-0.0033158,-0.55576,-3.053,0.0031511,6.3799,0.4768,0.031098,0,0
6.43,0.17204,1.0081,2.0002,-2.4413,-0.0089189,-0.0033458,-0.61936,-3.057,0.0028358,6.3381,0.31767,0.031957,0,0
6.42,0.19643,1.008,2.0003,-2.4348,0.021664,-0.0033725,-0.68252,-3.0593,0.0025121,6.2956,0.16114,0.032773,0,0
6.41,0.22074,1.0076,2.0003,-2.4277,0.052263,-0.003396,-0.74527,-3.0602,0.0021805,6.2523,0.0072108,0.033546,0,0
6.4,0.24498,1.007,2.0003,-2.4199,0.082862,-0.0034161,-0.80757,-3.0595,0.0018413,6.2082,-0.14414,0.034278,0,0
6.39,0.26914,1.006,2.0004,-2.4115,0.11345,-0.0034328,-0.86943,-3.0573,0.0014951,6.1633,-0.29291,0.034968,0,0
6.38,0.29321,1.0047,2.0004,-2.4025,0.144,-0.003446,-0.93083,-3.0536,0.0011421,6.1176,-0.43911,0.035616,0,0
6.37,0.31718,1.0031,2.0004,-2.3929,0.17452,-0.0034556,-0.99178,-3.0485,0.0007829,6.0712,-0.58275,0.036222,0,0
6.36,0.34106,1.0012,2.0005,-2.3827,0.20497,-0.0034616,-1.0523,-3.042,0.00041782,6.0239,-0.72384,0.036787,0,0
6.35,0.36484,0.99901,2.0005,-2.3719,0.23535,-0.0034639,-1.1123,-3.0341,4.7288e-05,5.9759,-0.86238,0.037311,0,0
6.34,0.3885,0.9965,2.0005,-2.3605,0.26565,-0.0034625,-1.1718,-3.0248,-0.00032827,5.9271,-0.99839,0.037793,0,0
6.33,0.41204,0.9937,2.0006,-2.3484,0.29584,-0.0034573,-1.2308,-3.0141,-0.00070844,5.8775,-1.1319,0.038235,0,0
6.32,0.43547,0.99059,2.0006,-2.3358,0.32592,-0.0034483,-1.2893,-3.0021,-0.0010928,5.8271,-1.2628,0.038635,0,0
6.31,0.45876,0.98718,2.0006,-2.3227,0.35588,-0.0034355,-1.3473,-2.9889,-0.001481,5.776,-1.3913,0.038995,0,0
6.3,0.48192,0.98347,2.0007,-2.3089,0.3857,-0.0034187,-1.4048,-2.9743,-0.0018726,5.7241,-1.5172,0.039314,0,0
6.29,0.50493,0.97947,2.0007,-2.2946,0.41536,-0.003398,-1.4618,-2.9585,-0.0022672,5.6715,-1.6406,0.039592,0,0
6.28,0.52781,0.97516,2.0007,-2.2797,0.44486,-0.0033734,-1.5183,-2.9415,-0.0026643,5.6181,-1.7616,0.03983,0,0
6.27,0.55053,0.97057,2.0008,-2.2642,0.47419,-0.0033447,-1.5742,-2.9233,-0.0030636,5.5639,-1.88,0.040028,0,0
6.26,0.57309,0.96568,2.0008,-2.2482,0.50333,-0.0033121,-1.6295,-2.9039,-0.0034647,5.509,-1.996,0.040185,0,0
6.25,0.59549,0.9605,2.0008,-2.2316,0.53226,-0.0032754,-1.6843,-2.8834,-0.0038672,5.4533,-2.1095,0.040303,0,0
6.24,0.61772,0.95504,2.0009,-2.2145,0.56099,-0.0032347,-1.7386,-2.8617,-0.0042707,5.3969,-2.2206,0.040381,0,0
6.23,0.63978,0.94928,2.0009,-2.1968,0.58949,-0.00319,-1.7923,-2.839,-0.0046747,5.3397,-2.3292,0.040419,0,0
6.22,0.66165,0.94325,2.0009,-2.1787,0.61777,-0.0031412,-1.8454,-2.8152,-0.0050789,5.2818,-2.4353,0.040418,0,0
6.21,0.68335,0.93693,2.001,-2.1599,0.64579,-0.0030884,-1.8979,-2.7903,-0.0054829,5.2232,-2.5391,0.040377,0,0
6.2,0.70485,0.93033,2.001,-2.1407,0.67357,-0.0030316,-1.9499,-2.7644,-0.0058863,5.1638,-2.6403,0.040296,0,0
6.19,0.72616,0.92346,2.001,-2.1209,0.70108,-0.0029707,-2.0012,-2.7375,-0.0062887,5.1037,-2.7392,0.040177,0,0
6.18,0.74727,0.91631,2.0011,-2.1007,0.72831,-0.0029058,-2.0519,-2.7096,-0.0066897,5.0428,-2.8357,0.040019,0,0
6.17,0.76817,0.90889,2.0011,-2.0799,0.75527,-0.0028369,-2.102,-2.6808,-0.0070889,4.9812,-2.9297,0.039821,0,0
6.16,0.78886,0.90121,2.0011,-2.0586,0.78193,-0.002764,-2.1515,-2.651,-0.007486,4.9189,-3.0214,0.039585,0,0
6.15,0.80934,0.89326,2.0011,-2.0369,0.80829,-0.0026872,-2.2004,-2.6204,-0.0078805,4.8559,-3.1107,0.039311,0,0
6.14,0.8296,0.88504,2.0012,-2.0146,0.83433,-0.0026064,-2.2487,-2.5888,-0.0082721,4.7922,-3.1976,0.038998,0,0
6.13,0.84963,0.87657,2.0012,-1.9919,0.86006,-0.0025218,-2.2963,-2.5564,-0.0086604,4.7277,-3.2821,0.038646,0,0
6.12,0.86944,0.86784,2.0012,-1.9687,0.88546,-0.0024333,-2.3432,-2.5232,-0.0090449,4.6626,-3.3642,0.038257,0,0
6.11,0.88901,0.85886,2.0012,-1.945,0.91052,-0.0023409,-2.3895,-2.4891,-0.0094254,4.5967,-3.444,0.037829,0,0
6.1,0.90834,0.84963,2.0013,-1.9209,0.93524,-0.0022448,-2.4351,-2.4543,-0.0098013,4.5301,-3.5215,0.037363,0,0
6.09,0.92742,0.84016,2.0013,-1.8963,0.9596,-0.0021449,-2.4801,-2.4187,-0.010172,4.4628,-3.5966,0.03686,0,0
6.08,0.94626,0.83044,2.0013,-1.8713,0.98361,-0.0020413,-2.5244,-2.3824,-0.010538,4.3948,-3.6693,0.036319,0,0
6.07,0.96485,0.82049,2.0013,-1.8459,1.0072,-0.0019341,-2.568,-2.3453,-0.010899,4.3261,-3.7398,0.03574,0,0
6.06,0.98318,0.8103,2.0013,-1.82,1.0305,-0.0018234,-2.6109,-2.3076,-0.011253,4.2568,-3.8079,0.035124,0,0
6.05,1.0012,0.79988,2.0014,-1.7936,1.0534,-0.0017091,-2.6531,-2.2692,-0.011601,4.1867,-3.8737,0.034471,0,0
6.04,1.019,0.78923,2.0014,-1.7669,1.0759,-0.0015914,-2.6947,-2.2301,-0.011942,4.1159,-3.9372,0.033781,0,0
6.03,1.0366,0.77836,2.0014,-1.7398,1.098,-0.0014703,-2.7355,-2.1905,-0.012277,4.0445,-3.9984,0.033053,0,0
6.02,1.0538,0.76727,2.0014,-1.7122,1.1197,-0.0013459,-2.7755,-2.1502,-0.012603,3.9723,-4.0573,0.032289,0,0
6.01,1.0708,0.75597,2.0014,-1.6842,1.141,-0.0012182,-2.8149,-2.1093,-0.012922,3.8995,-4.114,0.031488,0,0
6,1.0875,0.74446,2.0014,-1.6559,1.1619,-0.0010874,-2.8535,-2.0679,-0.013233,3.826,-4.1683,0.030651,0,0
5.99,1.1039,0.73273,2.0014,-1.6272,1.1824,-0.0009536,-2.8914,-2.026,-0.013535,3.7518,-4.2204,0.029777,0,0
5.98,1.1201,0.72081,2.0015,-1.5981,1.2024,-0.00081677,-2.9286,-1.9835,-0.013828,3.677,-4.2703,0.028867,0,0
5.97,1.1359,0.70869,2.0015,-1.5686,1.222,-0.00067706,-2.965,-1.9406,-0.014112,3.6015,-4.3179,0.027921,0,0
5.96,1.1514,0.69637,2.0015,-1.5388,1.2412,-0.00053456,-3.0006,-1.8972,-0.014387,3.5253,-4.3632,0.026939,0,0
5.95,1.1667,0.68386,2.0015,-1.5086,1.26,-0.00038936,-3.0355,-1.8533,-0.014651,3.4485,-4.4064,0.025921,0,0
5.94,1.1816,0.67117,2.0015,-1.4781,1.2783,-0.00024157,-3.0696,-1.809,-0.014905,3.371,-4.4473,0.024867,0,0
5.93,1.1962,0.6583,2.0015,-1.4472,1.2961,-9.1295e-05,-3.1029,-1.7644,-0.015148,3.2928,-4.486,0.023778,0,0
5.92,1.2106,0.64525,2.0015,-1.416,1.3136,6.1358e-05,-3.1354,-1.7193,-0.01538,3.214,-4.5224,0.022653,0,0
5.91,1.2246,0.63203,2.0015,-1.3845,1.3305,0.00021628,-3.1672,-1.6739,-0.015601,3.1345,-4.5567,0.021492,0,0
5.9,1.2382,0.61864,2.0015,-1.3527,1.347,0.00037334,-3.1981,-1.6282,-0.01581,3.0544,-4.5888,0.020297,0,0
5.89,1.2516,0.60509,2.0015,-1.3205,1.3631,0.00053244,-3.2282,-1.5822,-0.016007,2.9737,-4.6187,0.019067,0,0
5.88,1.2647,0.59138,2.0015,-1.2881,1.3787,0.00069344,-3.2576,-1.5358,-0.016191,2.8923,-4.6464,0.017801,0,0
5.87,1.2774,0.57752,2.0015,-1.2554,1.3938,0.00085622,-3.2861,-1.4892,-0.016363,2.8102,-4.6719,0.016501,0,0
5.86,1.2898,0.56351,2.0014,-1.2224,1.4085,0.0010207,-3.3138,-1.4424,-0.016521,2.7275,-4.6953,0.015166,0,0
5.85,1.3018,0.54935,2.0014,-1.1891,1.4227,0.0011866,-3.3406,-1.3953,-0.016666,2.6442,-4.7165,0.013797,0,0
5.84,1.3135,0.53506,2.0014,-1.1556,1.4364,0.0013539,-3.3667,-1.3481,-0.016797,2.5603,-4.7356,0.012393,0,0
5.83,1.3249,0.52062,2.0014,-1.1218,1.4496,0.0015225,-3.3918,-1.3006,-0.016914,2.4757,-4.7526,0.010956,0,0
5.82,1.336,0.50606,2.0014,-1.0878,1.4624,0.0016922,-3.4162,-1.253,-0.017016,2.3905,-4.7674,0.0094837,0,0
5.81,1.3467,0.49138,2.0014,-1.0535,1.4747,0.0018628,-3.4396,-1.2053,-0.017103,2.3047,-4.78,0.0079778,0,0
5.8,1.357,0.47657,2.0014,-1.019,1.4865,0.0020342,-3.4623,-1.1574,-0.017176,2.2183,-4.7906,0.006438,0,0
5.79,1.3671,0.46165,2.0013,-0.98423,1.4978,0.0022062,-3.484,-1.1095,-0.017232,2.1312,-4.7991,0.0048646,0,0
5.78,1.3767,0.44662,2.0013,-0.94929,1.5087,0.0023788,-3.5049,-1.0615,-0.017273,2.0435,-4.8054,0.0032577,0,0
5.77,1.386,0.43148,2.0013,-0.91414,1.5191,0.0025516,-3.5249,-1.0134,-0.017297,1.9553,-4.8097,0.0016173,0,0
5.76,1.395,0.41624,2.0013,-0.87879,1.5289,0.0027247,-3.544,-0.96527,-0.017305,1.8664,-4.8119,-5.6277e-05,0,0
5.75,1.4036,0.4009,2.0012,-0.84326,1.5384,0.0028977,-3.5622,-0.91715,-0.017296,1.7769,-4.812,-0.001763,0,0
5.74,1.4119,0.38547,2.0012,-0.80755,1.5473,0.0030705,-3.5795,-0.86904,-0.01727,1.6868,-4.81,-0.0035028,0,0
5.73,1.4198,0.36996,2.0012,-0.77167,1.5557,0.003243,-3.5959,-0.82096,-0.017226,1.5961,-4.806,-0.0052754,0,0
5.72,1.4273,0.35436,2.0011,-0.73563,1.5637,0.003415,-3.6114,-0.77293,-0.017164,1.5048,-4.7999,-0.0070807,0,0
5.71,1.4345,0.33868,2.0011,-0.69945,1.5712,0.0035862,-3.626,-0.72497,-0.017084,1.4129,-4.7918,-0.0089186,0,0
5.7,1.4413,0.32294,2.0011,-0.66312,1.5782,0.0037566,-3.6397,-0.6771,-0.016986,1.3204,-4.7817,-0.010789,0,0
5.69,1.4477,0.30712,2.001,-0.62666,1.5847,0.0039259,-3.6524,-0.62934,-0.016868,1.2274,-4.7695,-0.012692,0,0
5.68,1.4538,0.29124,2.001,-0.59007,1.5908,0.0040939,-3.6642,-0.58172,-0.016732,1.1337,-4.7553,-0.014626,0,0
5.67,1.4595,0.27531,2.0009,-0.55337,1.5964,0.0042604,-3.6751,-0.53424,-0.016576,1.0395,-4.7391,-0.016593,0,0
5.66,1.4649,0.25932,2.0009,-0.51657,1.6015,0.0044253,-3.685,-0.48694,-0.0164,0.9447,-4.7208,-0.018592,0,0
5.65,1.4699,0.24328,2.0009,-0.47968,1.6061,0.0045884,-3.694,-0.43983,-0.016204,0.84932,-4.7006,-0.020623,0,0
5.64,1.4745,0.2272,2.0008,-0.4427,1.6103,0.0047493,-3.702,-0.39294,-0.015987,0.75336,-4.6784,-0.022685,0,0
5.63,1.4787,0.21107,2.0008,-0.40564,1.614,0.004908,-3.7091,-0.34627,-0.01575,0.65684,-4.6542,-0.024778,0,0
5.62,1.4826,0.19492,2.0007,-0.36852,1.6172,0.0050643,-3.7151,-0.29986,-0.015491,0.55975,-4.628,-0.026903,0,0
5.61,1.4861,0.17873,2.0007,-0.33134,1.62,0.0052178,-3.7203,-0.25372,-0.015212,0.46209,-4.5999,-0.02906,0,0
5.6,1.4892,0.16252,2.0006,-0.29412,1.6223,0.0053684,-3.7244,-0.20787,-0.01491,0.36388,-4.5698,-0.031247,0,0
5.59,1.492,0.14629,2.0006,-0.25685,1.6241,0.0055159,-3.7275,-0.16233,-0.014587,0.2651,-4.5377,-0.033465,0,0
5.58,1.4944,0.13004,2.0005,-0.21957,1.6255,0.0056601,-3.7297,-0.11712,-0.014241,0.16577,-4.5037,-0.035714,0,0
5.57,1.4964,0.11378,2.0004,-0.18226,1.6265,0.0058007,-3.7308,-0.072262,-0.013872,0.065889,-4.4678,-0.037994,0,0
5.56,1.498,0.097511,2.0004,-0.14495,1.627,0.0059374,-3.731,-0.027772,-0.013481,-0.034542,-4.4299,-0.040304,0,0
5.55,1.4993,0.081241,2.0003,-0.10765,1.627,0.0060702,-3.7302,0.01633,-0.013066,-0.13552,-4.3901,-0.042645,0,0
5.54,1.5002,0.064972,2.0003,-0.070355,1.6267,0.0061987,-3.7283,0.060024,-0.012628,-0.23704,-4.3484,-0.045016,0,0
5.53,1.5007,0.048709,2.0002,-0.033085,1.6258,0.0063227,-3.7254,0.10329,-0.012166,-0.33911,-4.3048,-0.047417,0,0
5.52,1.5008,0.032457,2.0001,0.0041502,1.6246,0.0064419,-3.7215,0.14611,-0.011679,-0.44171,-4.2593,-0.049848,0,0
5.51,1.5006,0.016219,2.0001,0.041342,1.6229,0.0065562,-3.7166,0.18847,-0.011169,-0.54484,-4.2119,-0.052308,0,0
5.5,1.5,-8.6131e-10,2,0.078478,1.6208,0.0066652,-3.7106,0.23035,-0.010633,-0.64851,-4.1627,-0.054799,0,0
5.49,1.499,-0.016196,1.9999,0.11555,1.6183,0.0067688,-3.7036,0.27172,-0.010073,-0.75176,-4.1126,-0.057256,0,0
5.48,1.4977,-0.032365,1.9999,0.15255,1.6154,0.0068666,-3.6956,0.3126,-0.0094882,-0.85365,-4.0628,-0.059616,0,0
5.47,1.496,-0.048502,1.9998,0.18946,1.6121,0.0069584,-3.6865,0.35298,-0.0088807,-0.95418,-4.0133,-0.061879,0,0
5.46,1.4939,-0.064605,1.9997,0.22627,1.6083,0.0070441,-3.6765,0.39287,-0.0082509,-1.0534,-3.964,-0.064047,0,0
5.45,1.4915,-0.080668,1.9997,0.26299,1.6042,0.0071234,-3.6655,0.43226,-0.0076,-1.1512,-3.9149,-0.066119,0,0
5.44,1.4886,-0.096687,1.9996,0.29958,1.5997,0.0071961,-3.6535,0.47117,-0.0069289,-1.2477,-3.8662,-0.068095,0,0
5.43,1.4855,-0.11266,1.9995,0.33605,1.5948,0.0072619,-3.6405,0.50959,-0.0062385,-1.3429,-3.8177,-0.069977,0,0
5.42,1.4819,-0.12858,1.9994,0.37239,1.5895,0.0073208,-3.6266,0.54752,-0.0055297,-1.4367,-3.7694,-0.071763,0,0
5.41,1.478,-0.14445,1.9994,0.40858,1.5838,0.0073724,-3.6118,0.58497,-0.0048035,-1.5292,-3.7214,-0.073456,0,0
5.4,1.4737,-0.16026,1.9993,0.44462,1.5778,0.0074168,-3.596,0.62195,-0.0040609,-1.6204,-3.6737,-0.075055,0,0
5.39,1.4691,-0.176,1.9992,0.4805,1.5714,0.0074536,-3.5794,0.65845,-0.0033027,-1.7102,-3.6262,-0.07656,0,0
5.38,1.4641,-0.19168,1.9991,0.51621,1.5646,0.0074828,-3.5618,0.69448,-0.00253,-1.7988,-3.579,-0.077972,0,0
5.37,1.4588,-0.20729,1.9991,0.55173,1.5575,0.0075042,-3.5434,0.73003,-0.0017436,-1.886,-3.532,-0.079291,0,0
5.36,1.4531,-0.22283,1.999,0.58707,1.55,0.0075176,-3.5241,0.76512,-0.00094446,-1.9719,-3.4853,-0.080518,0,0
5.35,1.4471,-0.23829,1.9989,0.62221,1.5422,0.007523,-3.504,0.79974,-0.00013353,-2.0565,-3.4389,-0.081653,0,0
5.34,1.4407,-0.25368,1.9988,0.65715,1.534,0.0075202,-3.483,0.8339,0.00068829,-2.1399,-3.3927,-0.082696,0,0
5.33,1.4339,-0.26897,1.9988,0.69187,1.5255,0.0075092,-3.4612,0.86759,0.0015201,-2.2219,-3.3467,-0.083648,0,0
5.32,1.4268,-0.28419,1.9987,0.72637,1.5167,0.0074898,-3.4386,0.90083,0.0023609,-2.3027,-3.301,-0.084509,0,0
5.31,1.4194,-0.29931,1.9986,0.76064,1.5075,0.007462,-3.4151,0.93361,0.00321,-2.3821,-3.2556,-0.085279,0,0
5.3,1.4116,-0.31433,1.9985,0.79467,1.498,0.0074256,-3.3909,0.96594,0.0040662,-2.4603,-3.2104,-0.085959,0,0
5.29,1.4035,-0.32927,1.9985,0.82846,1.4882,0.0073806,-3.3659,0.99782,0.0049288,-2.5373,-3.1655,-0.086549,0,0
5.28,1.395,-0.3441,1.9984,0.86199,1.4781,0.007327,-3.3402,1.0293,0.0057969,-2.6129,-3.1208,-0.087049,0,0
5.27,1.3863,-0.35883,1.9983,0.89526,1.4676,0.0072647,-3.3137,1.0602,0.0066695,-2.6873,-3.0763,-0.087461,0,0
5.26,1.3771,-0.37345,1.9982,0.92826,1.4569,0.0071936,-3.2865,1.0908,0.0075458,-2.7604,-3.0321,-0.087784,0,0
5.25,1.3677,-0.38796,1.9982,0.96098,1.4458,0.0071137,-3.2585,1.1209,0.0084249,-2.8323,-2.9882,-0.088018,0,0
5.24,1.3579,-0.40236,1.9981,0.99343,1.4344,0.0070251,-3.2298,1.1505,0.0093059,-2.9029,-2.9445,-0.088164,0,0
5.23,1.3478,-0.41665,1.998,1.0256,1.4228,0.0069276,-3.2004,1.1798,0.010188,-2.9723,-2.901,-0.088223,0,0
5.22,1.3374,-0.43082,1.998,1.0574,1.4108,0.0068213,-3.1704,1.2086,0.01107,-3.0404,-2.8578,-0.088194,0,0
5.21,1.3267,-0.44487,1.9979,1.089,1.3986,0.0067062,-3.1396,1.2369,0.011951,-3.1073,-2.8149,-0.088078,0,0
5.2,1.3156,-0.45879,1.9978,1.1202,1.3861,0.0065823,-3.1082,1.2649,0.012831,-3.173,-2.7722,-0.087876,0,0
5.19,1.3043,-0.47259,1.9978,1.1511,1.3733,0.0064496,-3.0762,1.2924,0.013709,-3.2375,-2.7297,-0.087588,0,0
5.18,1.2926,-0.48626,1.9977,1.1817,1.3603,0.0063081,-3.0435,1.3195,0.014583,-3.3007,-2.6875,-0.087213,0,0
5.17,1.2806,-0.49979,1.9976,1.212,1.3469,0.006158,-3.0102,1.3461,0.015453,-3.3627,-2.6455,-0.086753,0,0
5.16,1.2684,-0.51319,1.9976,1.2419,1.3333,0.0059991,-2.9762,1.3724,0.016318,-3.4235,-2.6037,-0.086208,0,0
5.15,1.2558,-0.52646,1.9975,1.2715,1.3195,0.0058316,-2.9417,1.3982,0.017177,-3.4831,-2.5622,-0.085579,0,0
5.14,1.2429,-0.53958,1.9975,1.3008,1.3054,0.0056556,-2.9066,1.4236,0.018029,-3.5414,-2.521,-0.084865,0,0
5.13,1.2298,-0.55256,1.9974,1.3297,1.291,0.0054711,-2.8709,1.4486,0.018874,-3.5986,-2.4799,-0.084066,0,0
5.12,1.2164,-0.5654,1.9974,1.3582,1.2764,0.0052782,-2.8346,1.4732,0.01971,-3.6546,-2.4392,-0.083185,0,0
5.11,1.2026,-0.57809,1.9973,1.3864,1.2616,0.0050769,-2.7978,1.4974,0.020537,-3.7094,-2.3986,-0.08222,0,0
5.1,1.1886,-0.59063,1.9973,1.4141,1.2465,0.0048674,-2.7604,1.5212,0.021354,-3.763,-2.3583,-0.081172,0,0
5.09,1.1743,-0.60302,1.9972,1.4416,1.2311,0.0046499,-2.7225,1.5446,0.02216,-3.8154,-2.3183,-0.080041,0,0
5.08,1.1598,-0.61525,1.9972,1.4686,1.2156,0.0044243,-2.6841,1.5676,0.022955,-3.8667,-2.2784,-0.078828,0,0
5.07,1.145,-0.62733,1.9971,1.4952,1.1998,0.0041908,-2.6452,1.5901,0.023736,-3.9167,-2.2388,-0.077534,0,0
5.06,1.1299,-0.63925,1.9971,1.5215,1.1838,0.0039496,-2.6058,1.6123,0.024505,-3.9656,-2.1995,-0.076158,0,0
5.05,1.1145,-0.65101,1.997,1.5474,1.1675,0.0037008,-2.5659,1.6341,0.025259,-4.0134,-2.1603,-0.0747,0,0
5.04,1.0989,-0.6626,1.997,1.5728,1.1511,0.0034445,-2.5255,1.6555,0.025999,-4.06,-2.1215,-0.073162,0,0
5.03,1.0831,-0.67403,1.997,1.5979,1.1344,0.0031808,-2.4847,1.6766,0.026722,-4.1054,-2.0828,-0.071544,0,0
5.02,1.067,-0.68529,1.9969,1.6225,1.1176,0.0029101,-2.4434,1.6972,0.027429,-4.1497,-2.0444,-0.069846,0,0
5.01,1.0506,-0.69638,1.9969,1.6467,1.1005,0.0026323,-2.4017,1.7175,0.028119,-4.1928,-2.0062,-0.068068,0,0
5,1.0341,-0.7073,1.9969,1.6705,1.0832,0.0023478,-2.3596,1.7373,0.02879,-4.2348,-1.9682,-0.066211,0,0
4.99,1.0172,-0.71804,1.9969,1.6939,1.0657,0.0020566,-2.317,1.7568,0.029443,-4.2757,-1.9305,-0.064274,0,0
4.98,1.0002,-0.72861,1.9968,1.7169,1.0481,0.001759,-2.2741,1.7759,0.030076,-4.3154,-1.893,-0.06226,0,0
4.97,0.9829,-0.739,1.9968,1.7394,1.0302,0.0014551,-2.2307,1.7947,0.030688,-4.354,-1.8557,-0.060167,0,0
4.96,0.96539,-0.74921,1.9968,1.7615,1.0122,0.0011453,-2.187,1.813,0.031279,-4.3915,-1.8187,-0.057996,0,0
4.95,0.94767,-0.75925,1.9968,1.7831,0.99396,0.00082962,-2.1429,1.8311,0.031848,-4.4279,-1.7819,-0.055748,0,0
4.94,0.92973,-0.76909,1.9968,1.8043,0.97557,0.0005084,-2.0984,1.8487,0.032393,-4.4632,-1.7453,-0.053423,0,0
4.93,0.91158,-0.77876,1.9968,1.8251,0.95699,0.00018183,-2.0536,1.866,0.032916,-4.4973,-1.7089,-0.051021,0,0
4.92,0.89323,-0.78823,1.9968,1.8454,0.93825,-0.00014983,-2.0085,1.8829,0.033414,-4.5304,-1.6728,-0.048542,0,0
4.91,0.87468,-0.79752,1.9968,1.8653,0.91934,-0.00048635,-1.963,1.8994,0.033886,-4.5623,-1.6369,-0.045988,0,0
4.9,0.85593,-0.80662,1.9968,1.8847,0.90026,-0.00082747,-1.9172,1.9156,0.034333,-4.5932,-1.6012,-0.043358,0,0
4.89,0.83699,-0.81552,1.9968,1.9036,0.88102,-0.0011729,-1.8712,1.9314,0.034753,-4.6229,-1.5658,-0.040653,0,0
4.88,0.81786,-0.82424,1.9968,1.9221,0.86163,-0.0015224,-1.8248,1.9469,0.035146,-4.6516,-1.5305,-0.037873,0,0
4.87,0.79854,-0.83276,1.9968,1.9401,0.84209,-0.0018757,-1.7781,1.9621,0.03551,-4.6792,-1.4955,-0.035018,0,0
4.86,0.77906,-0.84108,1.9969,1.9577,0.82239,-0.0022326,-1.7312,1.9768,0.035846,-4.7057,-1.4608,-0.032089,0,0
4.85,0.75939,-0.8492,1.9969,1.9747,0.80255,-0.0025926,-1.684,1.9913,0.036152,-4.7312,-1.4262,-0.029086,0,0
4.84,0.73956,-0.85713,1.9969,1.9913,0.78257,-0.0029555,-1.6366,2.0054,0.036427,-4.7556,-1.3919,-0.02601,0,0
4.83,0.71957,-0.86486,1.997,2.0075,0.76245,-0.003321,-1.5889,2.0191,0.036672,-4.7789,-1.3577,-0.022861,0,0
4.82,0.69941,-0.87238,1.997,2.0231,0.74219,-0.0036888,-1.541,2.0325,0.036884,-4.8011,-1.3238,-0.019639,0,0
4.81,0.67911,-0.8797,1.997,2.0383,0.7218,-0.0040586,-1.4929,2.0456,0.037064,-4.8224,-1.2902,-0.016345,0,0
4.8,0.65865,-0.88681,1.9971,2.053,0.70128,-0.00443,-1.4446,2.0583,0.037211,-4.8425,-1.2567,-0.012979,0,0
4.79,0.63805,-0.89372,1.9971,2.0672,0.68063,-0.0048027,-1.396,2.0707,0.037324,-4.8616,-1.2235,-0.0095408,0,0
4.78,0.61731,-0.90043,1.9972,2.0809,0.65986,-0.0051764,-1.3473,2.0828,0.037402,-4.8797,-1.1904,-0.0060317,0,0
4.77,0.59643,-0.90692,1.9972,2.0941,0.63898,-0.0055506,-1.2985,2.0945,0.037444,-4.8968,-1.1576,-0.0024518,0,0
4.76,0.57543,-0.91321,1.9973,2.1069,0.61797,-0.0059251,-1.2494,2.1059,0.03745,-4.9128,-1.125,0.0011987,0,0
4.75,0.5543,-0.91928,1.9973,2.1191,0.59686,-0.0062995,-1.2002,2.117,0.03742,-4.9278,-1.0926,0.0049194,0,0
4.74,0.53305,-0.92514,1.9974,2.1309,0.57564,-0.0066734,-1.1509,2.1278,0.037352,-4.9418,-1.0605,0.0087098,0,0
4.73,0.51168,-0.93079,1.9975,2.1421,0.5543,-0.0070464,-1.1014,2.1382,0.037246,-4.9547,-1.0285,0.01257,0,0
4.72,0.49021,-0.93623,1.9975,2.1529,0.53287,-0.0074182,-1.0518,2.1484,0.0371,-4.9667,-0.9968,0.016499,0,0
4.71,0.46863,-0.94145,1.9976,2.1632,0.51134,-0.0077883,-1.002,2.1582,0.036915,-4.9776,-0.96528,0.020496,0,0
4.7,0.44694,-0.94645,1.9977,2.1729,0.48971,-0.0081564,-0.95221,2.1677,0.03669,-4.9875,-0.93397,0.024562,0,0
4.69,0.42517,-0.95124,1.9978,2.1822,0.46799,-0.008522,-0.90229,2.1769,0.036424,-4.9965,-0.90288,0.028696,0,0
4.68,0.4033,-0.95581,1.9979,2.191,0.44617,-0.0088847,-0.85228,2.1857,0.036116,-5.0044,-0.87199,0.032898,0,0
4.67,0.38135,-0.96017,1.998,2.1993,0.42427,-0.0092441,-0.80221,2.1943,0.035766,-5.0114,-0.84131,0.037166,0,0
4.66,0.35932,-0.9643,1.9981,2.207,0.40229,-0.0095999,-0.75206,2.2026,0.035372,-5.0173,-0.81085,0.041502,0,0
4.65,0.33721,-0.96821,1.9981,2.2143,0.38022,-0.0099514,-0.70186,2.2105,0.034935,-5.0223,-0.78059,0.045904,0,0
4.64,0.31503,-0.9719,1.9983,2.2211,0.35808,-0.010298,-0.65162,2.2182,0.034454,-5.0263,-0.75054,0.050372,0,0
4.63,0.29279,-0.97537,1.9984,2.2273,0.33586,-0.01064,-0.60134,2.2255,0.033928,-5.0294,-0.7207,0.054906,0,0
4.62,0.27049,-0.97862,1.9985,2.2331,0.31357,-0.010977,-0.55103,2.2326,0.033356,-5.0315,-0.69107,0.059506,0,0
4.61,0.24813,-0.98164,1.9986,2.2383,0.29121,-0.011307,-0.50071,2.2393,0.032737,-5.0326,-0.66164,0.06417,0,0
4.6,0.22572,-0.98444,1.9987,2.2431,0.26878,-0.011631,-0.45038,2.2458,0.032072,-5.0328,-0.63242,0.068899,0,0
4.59,0.20327,-0.98702,1.9988,2.2474,0.24629,-0.011949,-0.40006,2.252,0.031359,-5.032,-0.6034,0.073693,0,0
4.58,0.18078,-0.98937,1.9989,2.2511,0.22374,-0.012258,-0.34975,2.2579,0.030598,-5.0302,-0.57459,0.07855,0,0
4.57,0.15825,-0.99149,1.9991,2.2543,0.20114,-0.01256,-0.29946,2.2635,0.029788,-5.0276,-0.54598,0.083471,0,0
4.56,0.13569,-0.99339,1.9992,2.2571,0.17848,-0.012854,-0.2492,2.2688,0.028928,-5.0239,-0.51758,0.088456,0,0
4.55,0.11311,-0.99506,1.9993,2.2593,0.15576,-0.013139,-0.19898,2.2738,0.028019,-5.0194,-0.48937,0.093503,0,0
4.54,0.090509,-0.99651,1.9994,2.2611,0.133,-0.013414,-0.14881,2.2786,0.027058,-5.0139,-0.46137,0.098612,0,0
4.53,0.067891,-0.99772,1.9996,2.2623,0.11019,-0.01368,-0.098707,2.2831,0.026046,-5.0075,-0.43357,0.10378,0,0
4.52,0.045264,-0.99871,1.9997,2.263,0.087339,-0.013935,-0.048668,2.2873,0.024982,-5.0002,-0.40598,0.10902,0,0
4.51,0.022632,-0.99947,1.9999,2.2633,0.064447,-0.014179,0.0012935,2.2912,0.023866,-4.9919,-0.37858,0.11431,0,0
4.5,1.8991e-08,-1,2,2.263,0.041516,-0.014412,0.051168,2.2948,0.022696,-4.9828,-0.35138,0.11967,0,0
4.49,-0.022627,-1.0003,2.0001,2.2623,0.018551,-0.014633,0.10095,2.2982,0.021473,-4.9728,-0.32394,0.12495,0,0
4.48,-0.045244,-1.0004,2.0003,2.261,-0.0044472,-0.014841,0.15062,2.3013,0.020198,-4.9622,-0.29583,0.13001,0,0
4.47,-0.067845,-1.0002,2.0004,2.2592,-0.027475,-0.015037,0.20019,2.3041,0.018873,-4.9509,-0.26704,0.13486,0,0
4.46,-0.090427,-0.99982,2.0006,2.257,-0.050529,-0.015219,0.24964,2.3067,0.017501,-4.9389,-0.23758,0.13949,0,0
4.45,-0.11298,-0.9992,2.0007,2.2543,-0.073607,-0.015387,0.29896,2.3089,0.016084,-4.9262,-0.20746,0.14392,0,0
4.44,-0.13551,-0.99835,2.0009,2.251,-0.096705,-0.01554,0.34816,2.3108,0.014623,-4.9128,-0.17668,0.14813,0,0
4.43,-0.158,-0.99727,2.0011,2.2473,-0.11982,-0.015679,0.39722,2.3124,0.013122,-4.8987,-0.14524,0.15213,0,0
4.42,-0.18045,-0.99595,2.0012,2.2431,-0.14295,-0.015803,0.44613,2.3137,0.011582,-4.884,-0.11314,0.15593,0,0
4.41,-0.20286,-0.99441,2.0014,2.2384,-0.16609,-0.015911,0.4949,2.3147,0.010004,-4.8686,-0.080398,0.15951,0,0
4.4,-0.22522,-0.99263,2.0015,2.2332,-0.18924,-0.016003,0.5435,2.3153,0.008392,-4.8526,-0.047006,0.16289,0,0
4.39,-0.24752,-0.99062,2.0017,2.2275,-0.2124,-0.016078,0.59195,2.3156,0.006747,-4.8359,-0.012971,0.16606,0,0
4.38,-0.26977,-0.98838,2.0019,2.2213,-0.23556,-0.016137,0.64022,2.3156,0.0050714,-4.8185,0.021704,0.16903,0,0
4.37,-0.29195,-0.98591,2.002,2.2147,-0.25871,-0.01618,0.68831,2.3152,0.0033672,-4.8005,0.057015,0.17179,0,0
4.36,-0.31406,-0.98321,2.0022,2.2076,-0.28186,-0.016205,0.73623,2.3144,0.0016363,-4.7819,0.092957,0.17435,0,0
4.35,-0.3361,-0.98027,2.0023,2.2,-0.305,-0.016212,0.78395,2.3133,-0.00011913,-4.7625,0.12953,0.17671,0,0
4.34,-0.35806,-0.97711,2.0025,2.1919,-0.32812,-0.016202,0.83148,2.3118,-0.0018971,-4.7426,0.16672,0.17886,0,0
4.33,-0.37994,-0.97371,2.0027,2.1833,-0.35123,-0.016174,0.8788,2.31,-0.0036957,-4.722,0.20454,0.18082,0,0
4.32,-0.40172,-0.97008,2.0028,2.1743,-0.37432,-0.016128,0.92591,2.3077,-0.0055128,-4.7008,0.24298,0.18257,0,0
4.31,-0.42342,-0.96623,2.003,2.1648,-0.39739,-0.016064,0.97281,2.3051,-0.0073465,-4.6789,0.28202,0.18413,0,0
4.3,-0.44502,-0.96214,2.0031,2.1549,-0.42042,-0.015981,1.0195,2.3021,-0.0091948,-4.6564,0.32168,0.18549,0,0
4.29,-0.46652,-0.95782,2.0033,2.1444,-0.44343,-0.01588,1.0659,2.2987,-0.011056,-4.6333,0.36195,0.18666,0,0
4.28,-0.48791,-0.95327,2.0035,2.1335,-0.46639,-0.01576,1.1122,2.2949,-0.012927,-4.6096,0.40281,0.18763,0,0
4.27,-0.50919,-0.94849,2.0036,2.1222,-0.48932,-0.015621,1.1581,2.2906,-0.014808,-4.5853,0.44428,0.1884,0,0
4.26,-0.53035,-0.94348,2.0038,2.1104,-0.51221,-0.015464,1.2039,2.286,-0.016695,-4.5603,0.48634,0.18898,0,0
4.25,-0.55139,-0.93825,2.0039,2.0981,-0.53504,-0.015287,1.2493,2.2809,-0.018587,-4.5347,0.52899,0.18937,0,0
4.24,-0.57231,-0.93278,2.0041,2.0854,-0.55782,-0.015092,1.2945,2.2754,-0.020481,-4.5085,0.57224,0.18957,0,0
4.23,-0.5931,-0.92709,2.0042,2.0722,-0.58055,-0.014878,1.3395,2.2694,-0.022377,-4.4818,0.61606,0.18958,0,0
4.22,-0.61375,-0.92117,2.0044,2.0586,-0.60321,-0.014645,1.3842,2.2631,-0.024272,-4.4544,0.66047,0.1894,0,0
4.21,-0.63427,-0.91503,2.0045,2.0445,-0.62581,-0.014392,1.4286,2.2562,-0.026165,-4.4264,0.70545,0.18903,0,0
4.2,-0.65464,-0.90865,2.0047,2.03,-0.64833,-0.014121,1.4727,2.249,-0.028052,-4.3978,0.75101,0.18847,0,0
4.19,-0.67487,-0.90206,2.0048,2.0151,-0.67078,-0.013831,1.5165,2.2412,-0.029934,-4.3687,0.79713,0.18773,0,0
4.18,-0.69494,-0.89524,2.0049,1.9997,-0.69316,-0.013523,1.5601,2.233,-0.031806,-4.3389,0.84382,0.1868,0,0
4.17,-0.71486,-0.8882,2.0051,1.9839,-0.71544,-0.013195,1.6033,2.2243,-0.033669,-4.3086,0.89108,0.18569,0,0
4.16,-0.73462,-0.88093,2.0052,1.9676,-0.73764,-0.012849,1.6463,2.2152,-0.03552,-4.2777,0.93889,0.1844,0,0
4.15,-0.75421,-0.87344,2.0053,1.951,-0.75974,-0.012485,1.6889,2.2056,-0.037356,-4.2462,0.98726,0.18292,0,0
4.14,-0.77364,-0.86574,2.0055,1.9339,-0.78175,-0.012102,1.7312,2.1954,-0.039178,-4.2142,1.0362,0.18126,0,0
4.13,-0.79289,-0.85781,2.0056,1.9163,-0.80365,-0.011701,1.7732,2.1848,-0.040981,-4.1815,1.0856,0.17942,0,0
4.12,-0.81196,-0.84966,2.0057,1.8984,-0.82544,-0.011283,1.8148,2.1737,-0.042765,-4.1484,1.1357,0.1774,0,0
4.11,-0.83086,-0.8413,2.0058,1.8801,-0.84712,-0.010846,1.8561,2.1621,-0.044529,-4.1146,1.1862,0.17521,0,0
4.1,-0.84956,-0.83272,2.0059,1.8613,-0.86869,-0.010392,1.8971,2.15,-0.046269,-4.0803,1.2373,0.17283,0,0
4.09,-0.86808,-0.82393,2.006,1.8421,-0.89012,-0.0099209,1.9377,2.1374,-0.047985,-4.0454,1.2889,0.17028,0,0
4.08,-0.8864,-0.81492,2.0061,1.8225,-0.91143,-0.0094326,1.978,2.1242,-0.049674,-4.01,1.3411,0.16756,0,0
4.07,-0.90453,-0.8057,2.0062,1.8026,-0.93261,-0.0089275,2.0179,2.1105,-0.051335,-3.9741,1.3937,0.16466,0,0
4.06,-0.92245,-0.79627,2.0063,1.7822,-0.95364,-0.008406,2.0575,2.0963,-0.052967,-3.9376,1.4469,0.16159,0,0
4.05,-0.94017,-0.78663,2.0064,1.7614,-0.97453,-0.0078683,2.0967,2.0816,-0.054566,-3.9006,1.5007,0.15834,0,0
4.04,-0.95768,-0.77678,2.0064,1.7402,-0.99527,-0.0073148,2.1355,2.0663,-0.056133,-3.863,1.5549,0.15493,0,0
4.03,-0.97497,-0.76672,2.0065,1.7187,-1.0159,-0.0067457,2.1739,2.0505,-0.057664,-3.8249,1.6096,0.15134,0,0
4.02,-0.99205,-0.75646,2.0066,1.6968,-1.0363,-0.0061616,2.212,2.0341,-0.059159,-3.7862,1.6649,0.14758,0,0
4.01,-1.0089,-0.746,2.0066,1.6745,-1.0565,-0.0055627,2.2497,2.0172,-0.060616,-3.7471,1.7206,0.14366,0,0
4,-1.0255,-0.73533,2.0067,1.6518,-1.0766,-0.0049494,2.2869,1.9997,-0.062032,-3.7074,1.7769,0.13957,0,0
3.99,-1.0419,-0.72446,2.0067,1.6287,-1.0965,-0.0043222,2.3238,1.9817,-0.063406,-3.6672,1.8336,0.13531,0,0
3.98,-1.0581,-0.7134,2.0068,1.6053,-1.1163,-0.0036814,2.3603,1.963,-0.064738,-3.6265,1.8909,0.13089,0,0
3.97,-1.074,-0.70214,2.0068,1.5815,-1.1358,-0.0030276,2.3963,1.9438,-0.066024,-3.5853,1.9486,0.1263,0,0
3.96,-1.0897,-0.69069,2.0068,1.5574,-1.1551,-0.0023611,2.432,1.9241,-0.067263,-3.5435,2.0068,0.12155,0,0
3.95,-1.1052,-0.67904,2.0069,1.5329,-1.1743,-0.0016825,2.4672,1.9037,-0.068454,-3.5013,2.0655,0.11664,0,0
3.94,-1.1204,-0.6672,2.0069,1.508,-1.1932,-0.0009922,2.502,1.8828,-0.069595,-3.4585,2.1247,0.11157,0,0
3.93,-1.1354,-0.65518,2.0069,1.4828,-1.2119,-0.00029075,2.5364,1.8612,-0.070685,-3.4153,2.1843,0.10633,0,0
3.92,-1.1501,-0.64296,2.0069,1.4573,-1.2304,0.00042132,2.5703,1.8391,-0.071721,-3.3716,2.2444,0.10094,0,0
3.91,-1.1645,-0.63057,2.0069,1.4314,-1.2487,0.0011435,2.6038,1.8163,-0.072703,-3.3273,2.305,0.095387,0,0
3.9,-1.1787,-0.61799,2.0069,1.4052,-1.2667,0.0018752,2.6368,1.793,-0.073629,-3.2826,2.3661,0.089678,0,0
3.89,-1.1926,-0.60523,2.0068,1.3787,-1.2846,0.0026159,2.6694,1.769,-0.074496,-3.2374,2.4276,0.083813,0,0
3.88,-1.2063,-0.5923,2.0068,1.3518,-1.3021,0.0033649,2.7016,1.7444,-0.075304,-3.1918,2.4895,0.077792,0,0
3.87,-1.2196,-0.57919,2.0068,1.3247,-1.3194,0.0041218,2.7333,1.7192,-0.076052,-3.1456,2.552,0.071617,0,0
3.86,-1.2327,-0.56591,2.0067,1.2972,-1.3365,0.0048857,2.7645,1.6934,-0.076736,-3.099,2.6148,0.065289,0,0
3.85,-1.2456,-0.55246,2.0067,1.2694,-1.3533,0.0056563,2.7953,1.6669,-0.077357,-3.0519,2.6781,0.058809,0,0
3.84,-1.2581,-0.53885,2.0066,1.2413,-1.3698,0.0064327,2.8255,1.6398,-0.077912,-3.0043,2.7419,0.052177,0,0
3.83,-1.2704,-0.52507,2.0065,1.2129,-1.3861,0.0072143,2.8553,1.6121,-0.0784,-2.9563,2.8061,0.045395,0,0
3.82,-1.2824,-0.51113,2.0065,1.1842,-1.4021,0.0080004,2.8847,1.5837,-0.078819,-2.9079,2.8707,0.038464,0,0
3.81,-1.2941,-0.49703,2.0064,1.1552,-1.4178,0.0087904,2.9135,1.5547,-0.079169,-2.8589,2.9357,0.031384,0,0
3.8,-1.3055,-0.48277,2.0063,1.1259,-1.4332,0.0095836,2.9418,1.525,-0.079446,-2.8095,3.0012,0.024157,0,0
3.79,-1.3166,-0.46836,2.0062,1.0963,-1.4483,0.010379,2.9697,1.4946,-0.079651,-2.7597,3.0671,0.016784,0,0
3.78,-1.3274,-0.45381,2.0061,1.0665,-1.4631,0.011176,2.997,1.4636,-0.079782,-2.7094,3.1334,0.0092653,0,0
3.77,-1.3379,-0.4391,2.006,1.0364,-1.4775,0.011974,3.0239,1.432,-0.079836,-2.6587,3.2002,0.0016024,0,0
3.76,-1.3481,-0.42426,2.0058,1.006,-1.4917,0.012773,3.0502,1.3996,-0.079813,-2.6076,3.2673,-0.0062038,0,0
3.75,-1.3581,-0.40927,2.0057,0.9754,-1.5055,0.013571,3.076,1.3666,-0.079712,-2.556,3.3348,-0.014152,0,0
3.74,-1.3677,-0.39415,2.0056,0.94452,-1.519,0.014367,3.1013,1.3329,-0.07953,-2.504,3.4028,-0.022242,0,0
3.73,-1.3769,-0.37889,2.0054,0.91338,-1.5322,0.015161,3.1261,1.2986,-0.079266,-2.4515,3.4712,-0.030472,0,0
3.72,-1.3859,-0.3635,2.0053,0.882,-1.545,0.015952,3.1504,1.2635,-0.07892,-2.3986,3.5399,-0.038842,0,0
3.71,-1.3946,-0.34799,2.0051,0.85037,-1.5575,0.016739,3.1741,1.2278,-0.078489,-2.3454,3.6091,-0.04735,0,0
3.7,-1.4029,-0.33236,2.0049,0.81852,-1.5696,0.017521,3.1973,1.1913,-0.077972,-2.2916,3.6786,-0.055995,0,0
3.69,-1.411,-0.3166,2.0047,0.78643,-1.5813,0.018298,3.2199,1.1542,-0.077369,-2.2375,3.7485,-0.064776,0,0
3.68,-1.4187,-0.30073,2.0046,0.75412,-1.5926,0.019068,3.242,1.1163,-0.076676,-2.183,3.8188,-0.073693,0,0
3.67,-1.426,-0.28475,2.0044,0.72159,-1.6036,0.019831,3.2636,1.0778,-0.075894,-2.1281,3.8895,-0.082744,0,0
3.66,-1.4331,-0.26866,2.0042,0.68885,-1.6142,0.020586,3.2846,1.0386,-0.075021,-2.0727,3.9606,-0.091929,0,0
3.65,-1.4398,-0.25247,2.004,0.6559,-1.6244,0.021331,3.305,0.99859,-0.074055,-2.017,4.032,-0.10125,0,0
3.64,-1.4462,-0.23618,2.0037,0.62275,-1.6342,0.022067,3.3249,0.95791,-0.072996,-1.9609,4.1038,-0.11069,0,0
3.63,-1.4523,-0.21979,2.0035,0.58941,-1.6435,0.022791,3.3442,0.91651,-0.071841,-1.9044,4.176,-0.12027,0,0
3.62,-1.458,-0.20331,2.0033,0.55587,-1.6525,0.023503,3.363,0.87439,-0.07059,-1.8475,4.2485,-0.12998,0,0
3.61,-1.4634,-0.18674,2.003,0.52215,-1.661,0.024203,3.3812,0.83154,-0.069241,-1.7902,4.3214,-0.13982,0,0
3.6,-1.4684,-0.17009,2.0028,0.48825,-1.6691,0.024888,3.3988,0.78796,-0.067793,-1.7325,4.3946,-0.14978,0,0
3.59,-1.4731,-0.15336,2.0025,0.45417,-1.6768,0.025558,3.4158,0.74365,-0.066245,-1.6744,4.4682,-0.15987,0,0
3.58,-1.4775,-0.13655,2.0023,0.41993,-1.684,0.026212,3.4323,0.6986,-0.064595,-1.616,4.5421,-0.17009,0,0
3.57,-1.4815,-0.11968,2.002,0.38553,-1.6907,0.02685,3.4481,0.65281,-0.062843,-1.5572,4.6164,-0.18042,0,0
3.56,-1.4852,-0.10274,2.0018,0.35097,-1.697,0.027469,3.4634,0.60627,-0.060986,-1.4981,4.691,-0.19089,0,0
3.55,-1.4886,-0.085741,2.0015,0.31626,-1.7029,0.028069,3.4781,0.55899,-0.059025,-1.4385,4.7659,-0.20147,0,0
3.54,-1.4916,-0.068685,2.0012,0.28141,-1.7082,0.028649,3.4922,0.51095,-0.056956,-1.3786,4.8412,-0.21218,0,0
3.53,-1.4942,-0.051578,2.0009,0.24642,-1.7131,0.029208,3.5057,0.46216,-0.054781,-1.3184,4.9168,-0.22301,0,0
3.52,-1.4965,-0.034425,2.0006,0.2113,-1.7175,0.029744,3.5186,0.41261,-0.052496,-1.2578,4.9927,-0.23395,0,0
3.51,-1.4984,-0.017231,2.0003,0.17605,-1.7213,0.030257,3.5308,0.36231,-0.050101,-1.1969,5.0689,-0.24502,0,0
3.5,-1.5,-5.5843e-09,2,0.14069,-1.7247,0.030746,3.5425,0.31123,-0.047595,-1.1356,5.1455,-0.2562,0,0
3.49,-1.5012,0.017262,1.9997,0.10521,-1.7276,0.031209,3.5535,0.2594,-0.044978,-1.0737,5.2202,-0.26721,0,0
3.48,-1.5021,0.034549,1.9994,0.069618,-1.7299,0.031645,3.564,0.20684,-0.042253,-1.0109,5.291,-0.27775,0,0
3.47,-1.5026,0.051858,1.9991,0.033929,-1.7317,0.032054,3.5738,0.15359,-0.039424,-0.94727,5.3579,-0.28784,0,0
3.46,-1.5028,0.069181,1.9987,-0.0018554,-1.733,0.032433,3.5829,0.099698,-0.036497,-0.88276,5.4209,-0.29746,0,0
3.45,-1.5026,0.086515,1.9984,-0.037728,-1.7337,0.032783,3.5914,0.04519,-0.033476,-0.81741,5.48,-0.30663,0,0
3.44,-1.502,0.10385,1.9981,-0.073681,-1.7339,0.033102,3.5993,-0.0098903,-0.030366,-0.7512,5.5353,-0.31535,0,0
3.43,-1.5011,0.12119,1.9977,-0.10971,-1.7335,0.03339,3.6064,-0.065504,-0.027171,-0.68416,5.5868,-0.32362,0,0
3.42,-1.4998,0.13852,1.9974,-0.14581,-1.7325,0.033646,3.6129,-0.12161,-0.023895,-0.61628,5.6344,-0.33144,0,0
3.41,-1.4982,0.15584,1.9971,-0.18197,-1.731,0.033868,3.6188,-0.17818,-0.020544,-0.54758,5.6783,-0.33882,0,0
3.4,-1.4962,0.17314,1.9967,-0.21818,-1.729,0.034056,3.6239,-0.23517,-0.01712,-0.47805,5.7185,-0.34576,0,0
3.39,-1.4938,0.19042,1.9964,-0.25444,-1.7263,0.03421,3.6283,-0.29254,-0.01363,-0.40772,5.7549,-0.35226,0,0
3.38,-1.4911,0.20766,1.9961,-0.29074,-1.7231,0.034329,3.632,-0.35025,-0.010077,-0.33658,5.7876,-0.35832,0,0
3.37,-1.488,0.22488,1.9957,-0.32708,-1.7193,0.034411,3.635,-0.40828,-0.0064649,-0.26464,5.8167,-0.36395,0,0
3.36,-1.4846,0.24205,1.9954,-0.36344,-1.715,0.034458,3.6373,-0.46657,-0.002799,-0.19192,5.8421,-0.36915,0,0
3.35,-1.4807,0.25917,1.995,-0.39982,-1.71,0.034467,3.6389,-0.52511,0.00091671,-0.11841,5.8639,-0.37392,0,0
3.34,-1.4766,0.27625,1.9947,-0.43622,-1.7045,0.034439,3.6397,-0.58384,0.004678,-0.044118,5.882,-0.37827,0,0
3.33,-1.472,0.29326,1.9943,-0.47262,-1.6983,0.034373,3.6398,-0.64274,0.0084807,0.030939,5.8966,-0.3822,0,0
3.32,-1.4671,0.31021,1.994,-0.50901,-1.6916,0.03427,3.6391,-0.70176,0.012321,0.10676,5.9077,-0.3857,0,0
3.31,-1.4618,0.32709,1.9936,-0.54539,-1.6843,0.034127,3.6376,-0.76088,0.016193,0.18333,5.9152,-0.3888,0,0
3.3,-1.4562,0.3439,1.9933,-0.58176,-1.6764,0.033946,3.6354,-0.82005,0.020095,0.26066,5.9192,-0.39147,0,0
3.29,-1.4502,0.36062,1.993,-0.6181,-1.6679,0.033725,3.6324,-0.87925,0.024022,0.33872,5.9197,-0.39374,0,0
3.28,-1.4438,0.37725,1.9926,-0.65441,-1.6588,0.033465,3.6286,-0.93843,0.027969,0.41752,5.9167,-0.3956,0,0
3.27,-1.4371,0.39379,1.9923,-0.69067,-1.6491,0.033166,3.6241,-0.99757,0.031932,0.49705,5.9104,-0.39705,0,0
3.26,-1.43,0.41023,1.992,-0.72688,-1.6388,0.032826,3.6187,-1.0566,0.035908,0.5773,5.9006,-0.39811,0,0
3.25,-1.4226,0.42657,1.9916,-0.76304,-1.628,0.032447,3.6125,-1.1156,0.039893,0.65826,5.8874,-0.39876,0,0
3.24,-1.4148,0.44279,1.9913,-0.79913,-1.6165,0.032028,3.6055,-1.1744,0.043882,0.73993,5.8708,-0.39901,0,0
3.23,-1.4066,0.4589,1.991,-0.83515,-1.6045,0.03157,3.5977,-1.233,0.047872,0.82229,5.851,-0.39887,0,0
3.22,-1.3981,0.47488,1.9907,-0.87108,-1.5919,0.031071,3.5891,-1.2914,0.051858,0.90535,5.8278,-0.39834,0,0
3.21,-1.3892,0.49073,1.9904,-0.90693,-1.5787,0.030533,3.5796,-1.3495,0.055837,0.9891,5.8013,-0.39743,0,0
3.2,-1.3799,0.50645,1.9901,-0.94267,-1.5649,0.029954,3.5693,-1.4074,0.059806,1.0735,5.7715,-0.39612,0,0
3.19,-1.3703,0.52203,1.9898,-0.97831,-1.5505,0.029337,3.5581,-1.4649,0.063759,1.1586,5.7386,-0.39444,0,0
3.18,-1.3604,0.53746,1.9895,-1.0138,-1.5356,0.028679,3.5461,-1.5222,0.067693,1.2444,5.7023,-0.39237,0,0
3.17,-1.35,0.55274,1.9892,-1.0492,-1.5201,0.027983,3.5332,-1.579,0.071605,1.3308,5.6629,-0.38993,0,0
3.16,-1.3394,0.56786,1.9889,-1.0845,-1.504,0.027247,3.5195,-1.6354,0.07549,1.4178,5.6204,-0.38711,0,0
3.15,-1.3284,0.58282,1.9887,-1.1196,-1.4874,0.026473,3.5049,-1.6914,0.079346,1.5056,5.5746,-0.38392,0,0
3.14,-1.317,0.5976,1.9884,-1.1546,-1.4702,0.02566,3.4894,-1.7469,0.083167,1.5939,5.5258,-0.38036,0,0
3.13,-1.3053,0.61222,1.9881,-1.1894,-1.4524,0.02481,3.473,-1.8019,0.086952,1.6829,5.4738,-0.37643,0,0
3.12,-1.2932,0.62665,1.9879,-1.224,-1.4342,0.023922,3.4557,-1.8563,0.090695,1.7725,5.4188,-0.37214,0,0
3.11,-1.2808,0.6409,1.9877,-1.2585,-1.4153,0.022996,3.4375,-1.9102,0.094393,1.8627,5.3608,-0.36749,0,0
3.1,-1.268,0.65495,1.9874,-1.2928,-1.3959,0.022034,3.4185,-1.9636,0.098043,1.9535,5.2997,-0.36249,0,0
3.09,-1.2549,0.66882,1.9872,-1.3269,-1.376,0.021035,3.3985,-2.0162,0.10164,2.0449,5.2356,-0.35712,0,0
3.08,-1.2415,0.68247,1.987,-1.3608,-1.3556,0.020001,3.3776,-2.0683,0.10518,2.1369,5.1685,-0.35141,0,0
3.07,-1.2277,0.69593,1.9868,-1.3944,-1.3347,0.018932,3.3557,-2.1196,0.10867,2.2295,5.0985,-0.34535,0,0
3.06,-1.2136,0.70917,1.9866,-1.4279,-1.3132,0.017828,3.333,-2.1702,0.11209,2.3227,5.0255,-0.33893,0,0
3.05,-1.1992,0.72219,1.9865,-1.4611,-1.2913,0.01669,3.3093,-2.2201,0.11545,2.4165,4.9496,-0.33218,0,0
3.04,-1.1844,0.73499,1.9863,-1.4941,-1.2688,0.015519,3.2846,-2.2692,0.11873,2.5108,4.8709,-0.32508,0,0
3.03,-1.1693,0.74756,1.9862,-1.5268,-1.2459,0.014316,3.2591,-2.3175,0.12195,2.6056,4.7893,-0.31765,0,0
3.02,-1.1539,0.75991,1.986,-1.5592,-1.2225,0.013081,3.2325,-2.365,0.12508,2.7011,4.7048,-0.30988,0,0
3.01,-1.1381,0.77201,1.9859,-1.5914,-1.1986,0.011814,3.205,-2.4116,0.12814,2.797,4.6176,-0.30178,0,0
3,-1.122,0.78388,1.9858,-1.6233,-1.1743,0.010518,3.1766,-2.4573,0.13112,2.8936,4.5275,-0.29334,0,0
2.99,-1.1056,0.7955,1.9857,-1.6549,-1.1495,0.0091923,3.1472,-2.5021,0.13401,2.9906,4.4347,-0.28458,0,0
2.98,-1.0889,0.80686,1.9856,-1.6863,-1.1242,0.0078381,3.1168,-2.546,0.13681,3.0882,4.3392,-0.2755,0,0
2.97,-1.0719,0.81798,1.9855,-1.7173,-1.0985,0.0064564,3.0854,-2.5889,0.13952,3.1862,4.2409,-0.26609,0,0
2.96,-1.0546,0.82883,1.9855,-1.748,-1.0724,0.0050481,3.053,-2.6308,0.14213,3.2848,4.14,-0.25637,0,0
2.95,-1.0369,0.83943,1.9854,-1.7783,-1.0459,0.0036141,3.0197,-2.6717,0.14464,3.3839,4.0364,-0.24632,0,0
2.94,-1.019,0.84975,1.9854,-1.8084,-1.019,0.0021556,2.9854,-2.7115,0.14706,3.4835,3.9301,-0.23597,0,0
2.93,-1.0008,0.85981,1.9854,-1.838,-0.99171,0.00067338,2.95,-2.7503,0.14936,3.5836,3.8213,-0.2253,0,0
2.92,-0.98226,0.86958,1.9854,-1.8674,-0.96401,-0.00083133,2.9137,-2.7879,0.15156,3.6841,3.7098,-0.21433,0,0
2.91,-0.96344,0.87908,1.9854,-1.8963,-0.93595,-0.0023575,2.8763,-2.8245,0.15365,3.7852,3.5958,-0.20305,0,0
2.9,-0.94433,0.8883,1.9854,-1.9249,-0.90753,-0.0039039,2.838,-2.8599,0.15562,3.8867,3.4792,-0.19147,0,0
2.89,-0.92494,0.89723,1.9855,-1.9531,-0.87876,-0.0054695,2.7986,-2.8941,0.15748,3.9886,3.3601,-0.17959,0,0
2.88,-0.90527,0.90588,1.9855,-1.9809,-0.84965,-0.0070531,2.7582,-2.927,0.15921,4.091,3.2385,-0.16741,0,0
2.87,-0.88532,0.91423,1.9856,-2.0082,-0.82022,-0.0086533,2.7168,-2.9588,0.16082,4.1939,3.1144,-0.15494,0,0
2.86,-0.86511,0.92228,1.9857,-2.0352,-0.79048,-0.010269,2.6743,-2.9893,0.16231,4.2972,2.9879,-0.14218,0,0
2.85,-0.84462,0.93003,1.9858,-2.0617,-0.76044,-0.011899,2.6308,-3.0186,0.16367,4.4009,2.8589,-0.12913,0,0
2.84,-0.82387,0.93749,1.986,-2.0878,-0.73011,-0.013542,2.5863,-3.0465,0.16489,4.5051,2.7276,-0.11579,0,0
2.83,-0.80287,0.94464,1.9861,-2.1134,-0.69951,-0.015196,2.5407,-3.0731,0.16598,4.6096,2.5938,-0.10218,0,0
2.82,-0.78161,0.95148,1.9863,-2.1386,-0.66865,-0.016861,2.4941,-3.0984,0.16693,4.7146,2.4578,-0.088277,0,0
2.81,-0.7601,0.95801,1.9864,-2.1633,-0.63755,-0.018535,2.4464,-3.1223,0.16775,4.82,2.3193,-0.074101,0,0
2.8,-0.73834,0.96423,1.9866,-2.1875,-0.60621,-0.020216,2.3977,-3.1447,0.16842,4.9258,2.1786,-0.05965,0,0
2.79,-0.71635,0.97013,1.9868,-2.2113,-0.57466,-0.021903,2.3479,-3.1658,0.16894,5.032,2.0356,-0.044928,0,0
2.78,-0.69412,0.97572,1.9871,-2.2345,-0.5429,-0.023594,2.2971,-3.1854,0.16931,5.1385,1.8904,-0.029936,0,0
2.77,-0.67166,0.98099,1.9873,-2.2572,-0.51096,-0.025288,2.2452,-3.2036,0.16954,5.2455,1.7429,-0.014679,0,0
2.76,-0.64898,0.98594,1.9876,-2.2794,-0.47884,-0.026984,2.1922,-3.2203,0.16961,5.3528,1.5932,0.00084195,0,0
2.75,-0.62607,0.99057,1.9879,-2.301,-0.44656,-0.02868,2.1381,-3.2355,0.16952,5.4604,1.4413,0.016623,0,0
2.74,-0.60296,0.99487,1.9882,-2.3221,-0.41413,-0.030374,2.083,-3.2491,0.16927,5.5684,1.2872,0.032663,0,0
2.73,-0.57963,0.99885,1.9885,-2.3427,-0.38158,-0.032065,2.0267,-3.2612,0.16886,5.6768,1.131,0.048957,0,0
2.72,-0.55611,1.0025,1.9888,-2.3627,-0.34891,-0.033751,1.9694,-3.2717,0.16829,5.7855,0.97273,0.065504,0,0
2.71,-0.53238,1.0058,1.9891,-2.3821,-0.31615,-0.03543,1.911,-3.2807,0.16755,5.8945,0.81234,0.0823,0,0
2.7,-0.50847,1.0088,1.9895,-2.4009,-0.2833,-0.037101,1.8515,-3.288,0.16665,6.0039,0.64988,0.099342,0,0
2.69,-0.48437,1.0115,1.9899,-2.4191,-0.25039,-0.038762,1.7909,-3.2936,0.16557,6.1136,0.48538,0.11663,0,0
2.68,-0.46009,1.0138,1.9903,-2.4367,-0.21744,-0.040412,1.7292,-3.2977,0.16431,6.2236,0.31886,0.13416,0,0
2.67,-0.43563,1.0158,1.9907,-2.4537,-0.18445,-0.042048,1.6665,-3.3,0.16288,6.3339,0.15035,0.15192,0,0
2.66,-0.41101,1.0175,1.9911,-2.47,-0.15144,-0.043669,1.6026,-3.3007,0.16127,6.4445,-0.020133,0.16992,0,0
2.65,-0.38623,1.0189,1.9916,-2.4857,-0.11844,-0.045273,1.5376,-3.2996,0.15948,6.5554,-0.19256,0.18816,0,0
2.64,-0.3613,1.0199,1.992,-2.5008,-0.085455,-0.046858,1.4715,-3.2968,0.15751,6.6666,-0.36691,0.20662,0,0
2.63,-0.33622,1.0206,1.9925,-2.5152,-0.052509,-0.048422,1.4042,-3.2923,0.15535,6.778,-0.54315,0.22532,0,0
2.62,-0.311,1.0209,1.993,-2.5289,-0.019616,-0.049964,1.3359,-3.2859,0.153,6.8898,-0.72127,0.24423,0,0
2.61,-0.28565,1.021,1.9935,-2.5419,0.013204,-0.051482,1.2664,-3.2778,0.15046,7.0017,-0.90124,0.26337,0,0
2.6,-0.26017,1.0207,1.994,-2.5542,0.045935,-0.052973,1.1959,-3.2679,0.14773,7.114,-1.083,0.28273,0,0
2.59,-0.23457,1.0201,1.9946,-2.5658,0.078557,-0.054436,1.1242,-3.2562,0.14481,7.2265,-1.2666,0.3023,0,0
2.58,-0.20885,1.0191,1.9951,-2.5767,0.11105,-0.055869,1.0513,-3.2426,0.14169,7.3392,-1.452,0.32209,0,0
2.57,-0.18303,1.0178,1.9957,-2.5868,0.1434,-0.057269,0.97738,-3.2271,0.13837,7.4522,-1.6391,0.34208,0,0
2.56,-0.15712,1.0162,1.9963,-2.5962,0.17559,-0.058635,0.90229,-3.2098,0.13484,7.5654,-1.828,0.36229,0,0
2.55,-0.13111,1.0143,1.9968,-2.6049,0.20759,-0.059965,0.82607,-3.1906,0.13112,7.6788,-2.0185,0.3827,0,0
2.54,-0.10502,1.0121,1.9975,-2.6127,0.23939,-0.061257,0.74871,-3.1694,0.12719,7.7924,-2.2108,0.40331,0,0
2.53,-0.07886,1.0095,1.9981,-2.6198,0.27097,-0.062508,0.67022,-3.1463,0.12305,7.9063,-2.4047,0.42412,0,0
2.52,-0.05263,1.0067,1.9987,-2.6261,0.30231,-0.063717,0.59059,-3.1213,0.11871,8.0203,-2.6002,0.44513,0,0
2.51,-0.02634,1.0035,1.9993,-2.6316,0.33339,-0.064882,0.50981,-3.0943,0.11415,8.1346,-2.7974,0.46633,0,0
2.5,1.8548e-09,1,2,-2.6363,0.36419,-0.066,0.42789,-3.0654,0.10938,8.249,-2.9961,0.48773,0,0
2.49,0.026383,0.99621,2.0007,-2.6402,0.39469,-0.067069,0.34484,-3.0344,0.1044,8.36,-3.1926,0.50887,0,0
2.48,0.052801,0.99211,2.0013,-2.6432,0.42487,-0.068087,0.26072,-3.0015,0.099205,8.464,-3.3832,0.52932,0,0
2.47,0.079245,0.98771,2.002,-2.6454,0.45472,-0.069052,0.17559,-2.9668,0.093812,8.5611,-3.5679,0.54909,0,0
2.46,0.10571,0.98301,2.0027,-2.6467,0.4842,-0.069962,0.089517,-2.9302,0.088225,8.6514,-3.7467,0.56819,0,0
2.45,0.13218,0.97803,2.0034,-2.6472,0.51332,-0.070816,0.0025794,-2.8919,0.08245,8.7349,-3.9198,0.58661,0,0
2.44,0.15865,0.97275,2.0041,-2.6468,0.54204,-0.071611,-0.085159,-2.8518,0.076495,8.8117,-4.0871,0.60437,0,0
2.43,0.18511,0.96719,2.0049,-2.6455,0.57035,-0.072345,-0.17363,-2.8101,0.070365,8.8818,-4.2487,0.62147,0,0
2.42,0.21155,0.96134,2.0056,-2.6433,0.59823,-0.073018,-0.26277,-2.7669,0.064068,8.9453,-4.4046,0.63791,0,0
2.41,0.23797,0.95522,2.0063,-2.6402,0.62568,-0.073626,-0.35252,-2.7221,0.057609,9.0022,-4.5549,0.6537,0,0
2.4,0.26435,0.94883,2.0071,-2.6362,0.65267,-0.074169,-0.4428,-2.6758,0.050996,9.0527,-4.6996,0.66885,0,0
2.39,0.29069,0.94217,2.0078,-2.6314,0.67919,-0.074645,-0.53355,-2.6281,0.044234,9.0967,-4.8389,0.68336,0,0
2.38,0.31698,0.93525,2.0085,-2.6256,0.70523,-0.075053,-0.62471,-2.579,0.037331,9.1344,-4.9726,0.69724,0,0
2.37,0.3432,0.92807,2.0093,-2.6189,0.73077,-0.075392,-0.71622,-2.5286,0.030291,9.1658,-5.101,0.71049,0,0
2.36,0.36935,0.92064,2.0101,-2.6112,0.75579,-0.075659,-0.808,-2.477,0.023123,9.1909,-5.2239,0.72312,0,0
2.35,0.39542,0.91295,2.0108,-2.6027,0.7803,-0.075854,-0.90001,-2.4242,0.015831,9.2099,-5.3415,0.73514,0,0
2.34,0.4214,0.90503,2.0116,-2.5932,0.80427,-0.075975,-0.99218,-2.3702,0.0084221,9.2227,-5.4539,0.74654,0,0
2.33,0.44729,0.89687,2.0123,-2.5829,0.8277,-0.076022,-1.0844,-2.3151,0.0009022,9.2294,-5.561,0.75734,0,0
2.32,0.47306,0.88848,2.0131,-2.5716,0.85057,-0.075993,-1.1767,-2.259,-0.0067226,9.2302,-5.6629,0.76753,0,0
2.31,0.49871,0.87986,2.0139,-2.5593,0.87288,-0.075887,-1.269,-2.2019,-0.014446,9.225,-5.7597,0.77714,0,0
2.3,0.52424,0.87102,2.0146,-2.5462,0.89461,-0.075703,-1.3612,-2.1438,-0.022263,9.214,-5.8513,0.78615,0,0
2.29,0.54963,0.86197,2.0154,-2.5321,0.91575,-0.075441,-1.4533,-2.0849,-0.030168,9.1971,-5.938,0.79458,0,0
2.28,0.57488,0.85271,2.0161,-2.5171,0.9363,-0.0751,-1.5452,-2.0251,-0.038153,9.1745,-6.0196,0.80244,0,0
2.27,0.59997,0.84325,2.0169,-2.5012,0.95625,-0.074678,-1.6368,-1.9645,-0.046214,9.1462,-6.0963,0.80972,0,0
2.26,0.6249,0.83359,2.0176,-2.4844,0.97559,-0.074175,-1.7281,-1.9032,-0.054346,9.1122,-6.168,0.81643,0,0
2.25,0.64966,0.82374,2.0184,-2.4666,0.99431,-0.073591,-1.819,-1.8412,-0.062541,9.0727,-6.2349,0.82259,0,0
2.24,0.67423,0.8137,2.0191,-2.448,1.0124,-0.072924,-1.9095,-1.7785,-0.070795,9.0276,-6.297,0.82818,0,0
2.23,0.69862,0.80349,2.0198,-2.4285,1.0299,-0.072175,-1.9995,-1.7152,-0.079103,8.9771,-6.3543,0.83323,0,0
2.22,0.7228,0.79311,2.0205,-2.408,1.0467,-0.071342,-2.089,-1.6514,-0.087458,8.9212,-6.4069,0.83773,0,0
2.21,0.74677,0.78256,2.0212,-2.3867,1.0629,-0.070426,-2.1779,-1.5871,-0.095856,8.86,-6.4549,0.8417,0,0
2.2,0.77053,0.77185,2.0219,-2.3645,1.0785,-0.069425,-2.2662,-1.5223,-0.10429,8.7935,-6.4982,0.84513,0,0
2.19,0.79406,0.76099,2.0226,-2.3414,1.0934,-0.06834,-2.3538,-1.4572,-0.11276,8.7217,-6.5369,0.84803,0,0
2.18,0.81735,0.74999,2.0233,-2.3174,1.1076,-0.06717,-2.4406,-1.3916,-0.12125,8.6449,-6.5711,0.85041,0,0
2.17,0.8404,0.73884,2.024,-2.2925,1.1212,-0.065915,-2.5267,-1.3258,-0.12976,8.5629,-6.6008,0.85227,0,0
2.16,0.8632,0.72757,2.0246,-2.2669,1.1341,-0.064574,-2.6119,-1.2596,-0.13829,8.4759,-6.6261,0.85362,0,0
2.15,0.88574,0.71616,2.0253,-2.2403,1.1464,-0.063149,-2.6962,-1.1932,-0.14683,8.3839,-6.6469,0.85447,0,0
2.14,0.908,0.70464,2.0259,-2.2129,1.158,-0.061638,-2.7795,-1.1267,-0.15538,8.2871,-6.6635,0.85481,0,0
2.13,0.92999,0.69301,2.0265,-2.1847,1.1689,-0.060041,-2.8619,-1.06,-0.16393,8.1853,-6.6757,0.85466,0,0
2.12,0.9517,0.68126,2.0271,-2.1557,1.1792,-0.058359,-2.9432,-0.99319,-0.17247,8.0788,-6.6837,0.85402,0,0
2.11,0.9731,0.66942,2.0277,-2.1259,1.1888,-0.056592,-3.0234,-0.92633,-0.18101,7.9676,-6.6875,0.8529,0,0
2.1,0.99421,0.65749,2.0282,-2.0952,1.1977,-0.054739,-3.1025,-0.85946,-0.18953,7.8517,-6.6871,0.85129,0,0
2.09,1.015,0.64547,2.0288,-2.0638,1.206,-0.052801,-3.1805,-0.7926,-0.19803,7.7311,-6.6826,0.84922,0,0
2.08,1.0355,0.63337,2.0293,-2.0316,1.2136,-0.050778,-3.2572,-0.72582,-0.20651,7.6061,-6.674,0.84667,0,0
2.07,1.0556,0.6212,2.0298,-1.9987,1.2205,-0.048671,-3.3326,-0.65914,-0.21496,7.4765,-6.6615,0.84367,0,0
2.06,1.0755,0.60897,2.0302,-1.965,1.2267,-0.046479,-3.4067,-0.5926,-0.22338,7.3426,-6.645,0.8402,0,0
2.05,1.0949,0.59667,2.0307,-1.9305,1.2323,-0.044203,-3.4794,-0.52625,-0.23177,7.2042,-6.6245,0.83629,0,0
2.04,1.1141,0.58432,2.0311,-1.8954,1.2373,-0.041844,-3.5507,-0.46012,-0.24011,7.0616,-6.6002,0.83193,0,0
2.03,1.1328,0.57193,2.0315,-1.8595,1.2415,-0.039402,-3.6206,-0.39426,-0.2484,6.9147,-6.572,0.82713,0,0
2.02,1.1513,0.55949,2.0319,-1.823,1.2451,-0.036876,-3.689,-0.3287,-0.25665,6.7636,-6.5401,0.8219,0,0
2.01,1.1693,0.54703,2.0323,-1.7858,1.2481,-0.034269,-3.7559,-0.26347,-0.26484,6.6084,-6.5044,0.81624,0,0
2,1.187,0.53453,2.0326,-1.7479,1.2504,-0.03158,-3.8212,-0.19862,-0.27297,6.4492,-6.465,0.81015,0,0
1.99,1.2043,0.52202,2.0329,-1.7093,1.2521,-0.028809,-3.8849,-0.13418,-0.28104,6.2859,-6.422,0.80365,0,0
1.98,1.2212,0.50949,2.0332,-1.6702,1.2531,-0.025959,-3.9469,-0.070191,-0.28904,6.1187,-6.3755,0.79673,0,0
1.97,1.2377,0.49696,2.0334,-1.6304,1.2535,-0.023029,-4.0072,-0.0066846,-0.29697,5.9477,-6.3253,0.78941,0,0
1.96,1.2538,0.48443,2.0336,-1.59,1.2532,-0.02002,-4.0658,0.056303,-0.30483,5.7728,-6.2717,0.78169,0,0
1.95,1.2695,0.4719,2.0338,-1.5491,1.2524,-0.016932,-4.1227,0.11874,-0.31261,5.5941,-6.2146,0.77357,0,0
1.94,1.2847,0.45938,2.034,-1.5076,1.2509,-0.013768,-4.1777,0.18058,-0.3203,5.4118,-6.1541,0.76506,0,0
1.93,1.2996,0.44688,2.0341,-1.4656,1.2488,-0.010527,-4.2309,0.24181,-0.32791,5.2258,-6.0903,0.75616,0,0
1.92,1.314,0.43441,2.0342,-1.423,1.246,-0.0072101,-4.2822,0.30238,-0.33542,5.0362,-6.0231,0.74689,0,0
1.91,1.3281,0.42196,2.0342,-1.3799,1.2427,-0.0038186,-4.3316,0.36226,-0.34284,4.8431,-5.9527,0.73724,0,0
1.9,1.3416,0.40956,2.0343,-1.3364,1.2388,-0.00035351,-4.379,0.42142,-0.35017,4.6466,-5.879,0.72722,0,0
1.89,1.3548,0.39719,2.0342,-1.2923,1.2343,0.0031843,-4.4245,0.47983,-0.35739,4.4467,-5.8022,0.71684,0,0
1.88,1.3675,0.38487,2.0342,-1.2479,1.2292,0.0067939,-4.468,0.53745,-0.3645,4.2434,-5.7223,0.7061,0,0
1.87,1.3797,0.37261,2.0341,-1.203,1.2235,0.010474,-4.5094,0.59426,-0.37151,4.0369,-5.6393,0.69501,0,0
1.86,1.3915,0.3604,2.034,-1.1577,1.2173,0.014224,-4.5487,0.65023,-0.3784,3.8271,-5.5532,0.68358,0,0
1.85,1.4029,0.34826,2.0338,-1.112,1.2105,0.018042,-4.5859,0.70532,-0.38518,3.6142,-5.4642,0.6718,0,0
1.84,1.4138,0.33619,2.0336,-1.066,1.2032,0.021927,-4.621,0.7595,-0.39184,3.3982,-5.3722,0.65969,0,0
1.83,1.4242,0.3242,2.0334,-1.0196,1.1953,0.025878,-4.6539,0.81275,-0.39837,3.1792,-5.2774,0.64725,0,0
1.82,1.4342,0.31229,2.0331,-0.97292,1.187,0.029894,-4.6845,0.86504,-0.40478,2.9572,-5.1797,0.63448,0,0
1.81,1.4437,0.30046,2.0328,-0.92593,1.1781,0.033973,-4.713,0.91634,-0.41106,2.7323,-5.0792,0.6214,0,0
1.8,1.4527,0.28873,2.0324,-0.87867,1.1686,0.038115,-4.7392,0.96662,-0.41721,2.5045,-4.976,0.608,0,0
1.79,1.4612,0.27709,2.032,-0.83115,1.1587,0.042317,-4.7631,1.0158,-0.42322,2.2739,-4.87,0.5943,0,0
1.78,1.4693,0.26556,2.0316,-0.78341,1.1483,0.046578,-4.7846,1.064,-0.42909,2.0407,-4.7615,0.58029,0,0
1.77,1.4769,0.25413,2.0311,-0.73547,1.1374,0.050898,-4.8039,1.1111,-0.43482,1.8047,-4.6503,0.56598,0,0
1.76,1.484,0.24281,2.0306,-0.68734,1.1261,0.055274,-4.8207,1.157,-0.44041,1.5661,-4.5365,0.55139,0,0
1.75,1.4907,0.23161,2.03,-0.63906,1.1143,0.059706,-4.8352,1.2018,-0.44585,1.325,-4.4202,0.53651,0,0
1.74,1.4968,0.22053,2.0294,-0.59065,1.1021,0.064191,-4.8472,1.2454,-0.45114,1.0815,-4.3015,0.52135,0,0
1.73,1.5025,0.20957,2.0287,-0.54212,1.0894,0.068728,-4.8568,1.2878,-0.45628,0.83543,-4.1804,0.50591,0,0
1.72,1.5076,0.19874,2.028,-0.49352,1.0763,0.073316,-4.8639,1.329,-0.46126,0.58705,-4.0568,0.4902,0,0
1.71,1.5123,0.18804,2.0272,-0.44485,1.0628,0.077953,-4.8685,1.3689,-0.46608,0.33636,-3.931,0.47424,0,0
1.7,1.5165,0.17748,2.0264,-0.39616,1.0489,0.082637,-4.8706,1.4076,-0.47074,0.083427,-3.8029,0.45801,0,0
1.69,1.5203,0.16706,2.0256,-0.34745,1.0347,0.087367,-4.8702,1.445,-0.47524,-0.17169,-3.6725,0.44153,0,0
1.68,1.5235,0.15679,2.0247,-0.29876,1.0201,0.092141,-4.8672,1.4811,-0.47957,-0.42893,-3.54,0.4248,0,0
1.67,1.5262,0.14667,2.0237,-0.25011,1.0051,0.096958,-4.8616,1.5158,-0.48373,-0.68823,-3.4053,0.40783,0,0
1.66,1.5285,0.13669,2.0228,-0.20154,0.98974,0.10182,-4.8534,1.5492,-0.48773,-0.94954,-3.2685,0.39063,0,0
1.65,1.5303,0.12687,2.0217,-0.15305,0.97409,0.10671,-4.8426,1.5811,-0.49155,-1.2128,-3.1297,0.37319,0,0
1.64,1.5316,0.11721,2.0206,-0.10469,0.95812,0.11165,-4.8292,1.6117,-0.49519,-1.4779,-2.9889,0.35553,0,0
1.63,1.5324,0.10771,2.0195,-0.05648,0.94186,0.11661,-4.8131,1.6409,-0.49866,-1.7449,-2.8462,0.33765,0,0
1.62,1.5327,0.098374,2.0183,-0.0084411,0.92531,0.12162,-4.7943,1.6687,-0.50194,-2.0136,-2.7015,0.31956,0,0
1.61,1.5325,0.089205,2.017,0.039396,0.90849,0.12665,-4.7728,1.6949,-0.50505,-2.284,-2.555,0.30125,0,0
1.6,1.5319,0.080205,2.0158,0.087005,0.89141,0.13172,-4.7486,1.7198,-0.50797,-2.556,-2.4067,0.28275,0,0
1.59,1.5308,0.071377,2.0144,0.13436,0.8741,0.13681,-4.7217,1.7431,-0.5107,-2.8296,-2.2566,0.26404,0,0
1.58,1.5292,0.062724,2.013,0.18143,0.85656,0.14193,-4.692,1.7649,-0.51325,-3.1048,-2.1048,0.24515,0,0
1.57,1.5272,0.054247,2.0116,0.22819,0.8388,0.14708,-4.6596,1.7852,-0.5156,-3.3814,-1.9513,0.22606,0,0
1.56,1.5247,0.045948,2.0101,0.27461,0.82086,0.15224,-4.6244,1.8039,-0.51777,-3.6594,-1.7963,0.2068,0,0
1.55,1.5217,0.03783,2.0085,0.32067,0.80273,0.15743,-4.5864,1.8211,-0.51974,-3.9387,-1.6396,0.18736,0,0
1.54,1.5182,0.029894,2.0069,0.36633,0.78444,0.16264,-4.5456,1.8367,-0.52151,-4.2193,-1.4814,0.16775,0,0
1.53,1.5144,0.022142,2.0053,0.41157,0.766,0.16786,-4.502,1.8507,-0.52309,-4.5011,-1.3218,0.14798,0,0
1.52,1.51,0.014575,2.0036,0.45636,0.74743,0.1731,-4.4555,1.8631,-0.52447,-4.7841,-1.1607,0.12805,0,0
1.51,1.5052,0.0071936,2.0018,0.50067,0.72875,0.17835,-4.4063,1.8739,-0.52565,-5.0682,-0.99818,0.10796,0,0
1.5,1.5,2.9957e-10,2,0.54448,0.70996,0.18361,-4.3542,1.8831,-0.52663,-5.3533,-0.83436,0.087727,0,0
1.49,1.4943,-0.0070053,1.9981,0.58775,0.69109,0.18888,-4.2992,1.8906,-0.52741,-5.6338,-0.67176,0.067391,0,0
1.48,1.4882,-0.013822,1.9962,0.63045,0.67215,0.19416,-4.2415,1.8965,-0.52798,-5.9043,-0.5129,0.046998,0,0
1.47,1.4817,-0.020448,1.9943,0.67257,0.65317,0.19944,-4.1812,1.9009,-0.52835,-6.1649,-0.35775,0.02655,0,0
1.46,1.4748,-0.026885,1.9922,0.71407,0.63414,0.20472,-4.1183,1.9037,-0.52851,-6.4157,-0.20628,0.0060514,0,0
1.45,1.4675,-0.033131,1.9902,0.75492,0.6151,0.21001,-4.0529,1.905,-0.52847,-6.6568,-0.058461,-0.014495,0,0
1.44,1.4597,-0.039187,1.988,0.79512,0.59605,0.21529,-3.9852,1.9049,-0.52822,-6.8882,0.08573,-0.035087,0,0
1.43,1.4516,-0.045052,1.9859,0.83462,0.577,0.22057,-3.9152,1.9033,-0.52777,-7.1102,0.22632,-0.05572,0,0
1.42,1.443,-0.050727,1.9836,0.87341,0.55798,0.22585,-3.843,1.9004,-0.52711,-7.3227,0.36334,-0.076393,0,0
1.41,1.4341,-0.056212,1.9813,0.91147,0.539,0.23111,-3.7687,1.8961,-0.52624,-7.5259,0.49682,-0.0971,0,0
1.4,1.4248,-0.061507,1.979,0.94878,0.52007,0.23637,-3.6925,1.8904,-0.52516,-7.7198,0.62678,-0.11784,0,0
1.39,1.4151,-0.066613,1.9766,0.98532,0.5012,0.24162,-3.6144,1.8835,-0.52388,-7.9047,0.75326,-0.13861,0,0
1.38,1.4051,-0.071531,1.9742,1.0211,0.4824,0.24685,-3.5344,1.8754,-0.52239,-8.0805,0.87627,-0.15941,0,0
1.37,1.3947,-0.076262,1.9717,1.056,0.46369,0.25206,-3.4528,1.866,-0.52069,-8.2474,0.99585,-0.18022,0,0
1.36,1.384,-0.080805,1.9691,1.0901,0.44508,0.25726,-3.3695,1.8555,-0.51879,-8.4055,1.112,-0.20106,0,0
1.35,1.3729,-0.085164,1.9665,1.1234,0.42659,0.26244,-3.2847,1.8438,-0.51667,-8.5549,1.2248,-0.22192,0,0
1.34,1.3615,-0.089338,1.9639,1.1558,0.40821,0.26759,-3.1985,1.831,-0.51435,-8.6956,1.3343,-0.24279,0,0
1.33,1.3498,-0.093328,1.9612,1.1874,0.38997,0.27273,-3.1108,1.8171,-0.51182,-8.8279,1.4404,-0.26367,0,0
1.32,1.3378,-0.097137,1.9584,1.218,0.37187,0.27783,-3.0219,1.8022,-0.50907,-8.9517,1.5432,-0.28455,0,0
1.31,1.3254,-0.10077,1.9556,1.2478,0.35393,0.28291,-2.9318,1.7863,-0.50612,-9.0672,1.6428,-0.30544,0,0
1.3,1.3128,-0.10422,1.9528,1.2766,0.33615,0.28795,-2.8406,1.7694,-0.50297,-9.1745,1.7391,-0.32634,0,0
1.29,1.2999,-0.10749,1.9499,1.3046,0.31855,0.29297,-2.7484,1.7515,-0.4996,-9.2736,1.8322,-0.34723,0,0
1.28,1.2867,-0.11059,1.9469,1.3316,0.30112,0.29794,-2.6552,1.7327,-0.49602,-9.3648,1.9221,-0.36811,0,0
1.27,1.2733,-0.11351,1.9439,1.3577,0.28389,0.30288,-2.5611,1.7131,-0.49224,-9.448,2.0089,-0.38899,0,0
1.26,1.2596,-0.11627,1.9408,1.3828,0.26687,0.30779,-2.4662,1.6926,-0.48824,-9.5234,2.0925,-0.40985,0,0
1.25,1.2456,-0.11885,1.9377,1.407,0.25005,0.31265,-2.3707,1.6712,-0.48404,-9.5911,2.173,-0.43071,0,0
1.24,1.2314,-0.12127,1.9346,1.4302,0.23344,0.31747,-2.2744,1.6491,-0.47963,-9.6512,2.2504,-0.45154,0,0
1.23,1.217,-0.12352,1.9314,1.4525,0.21707,0.32224,-2.1777,1.6262,-0.47501,-9.7037,2.3248,-0.47235,0,0
1.22,1.2024,-0.12561,1.9282,1.4738,0.20092,0.32697,-2.0804,1.6026,-0.47018,-9.7489,2.3962,-0.49314,0,0
1.21,1.1875,-0.12754,1.9249,1.4941,0.18502,0.33164,-1.9827,1.5783,-0.46515,-9.7867,2.4646,-0.51391,0,0
1.2,1.1725,-0.12931,1.9215,1.5134,0.16936,0.33627,-1.8847,1.5533,-0.4599,-9.8173,2.53,-0.53464,0,0
1.19,1.1573,-0.13093,1.9181,1.5318,0.15395,0.34084,-1.7864,1.5277,-0.45445,-9.8408,2.5925,-0.55534,0,0
1.18,1.1419,-0.13239,1.9147,1.5492,0.13881,0.34536,-1.6879,1.5015,-0.4488,-9.8573,2.6521,-0.576,0,0
1.17,1.1263,-0.1337,1.9112,1.5656,0.12392,0.34982,-1.5893,1.4747,-0.44293,-9.8668,2.7088,-0.59662,0,0
1.16,1.1106,-0.13487,1.9077,1.581,0.10931,0.35422,-1.4906,1.4473,-0.43686,-9.8696,2.7626,-0.6172,0,0
1.15,1.0947,-0.13589,1.9041,1.5954,0.09498,0.35855,-1.3919,1.4194,-0.43059,-9.8656,2.8136,-0.63774,0,0
1.14,1.0787,-0.13677,1.9005,1.6088,0.080927,0.36283,-1.2933,1.3911,-0.42411,-9.855,2.8618,-0.65823,0,0
1.13,1.0625,-0.13751,1.8969,1.6212,0.06716,0.36703,-1.1948,1.3622,-0.41742,-9.8379,2.9072,-0.67866,0,0
1.12,1.0462,-0.13812,1.8932,1.6327,0.053684,0.37117,-1.0965,1.3329,-0.41054,-9.8144,2.9499,-0.69904,0,0
1.11,1.0299,-0.13859,1.8895,1.6432,0.040503,0.37524,-0.99855,1.3032,-0.40344,-9.7845,2.9899,-0.71936,0,0
1.1,1.0134,-0.13893,1.8857,1.6527,0.027621,0.37924,-0.90088,1.2731,-0.39615,-9.7485,3.0271,-0.73962,0,0
1.09,0.9968,-0.13914,1.8819,1.6612,0.015042,0.38317,-0.8036,1.2427,-0.38865,-9.7063,3.0617,-0.75982,0,0
1.08,0.98015,-0.13923,1.878,1.6687,0.0027682,0.38701,-0.70677,1.2119,-0.38095,-9.6581,3.0937,-0.77995,0,0
1.07,0.96343,-0.1392,1.8741,1.6753,-0.0091957,0.39079,-0.61046,1.1808,-0.37305,-9.604,3.1231,-0.8,0,0
1.06,0.94665,-0.13905,1.8702,1.681,-0.020847,0.39448,-0.51471,1.1495,-0.36495,-9.5441,3.1498,-0.81999,0,0
1.05,0.92982,-0.13878,1.8662,1.6856,-0.032184,0.39808,-0.41959,1.1178,-0.35665,-9.4785,3.1741,-0.83989,0,0
1.04,0.91294,-0.1384,1.8622,1.6893,-0.043203,0.40161,-0.32516,1.086,-0.34816,-9.4073,3.1958,-0.85972,0,0
1.03,0.89603,-0.13792,1.8582,1.6921,-0.053903,0.40505,-0.23147,1.0539,-0.33946,-9.3305,3.215,-0.87946,0,0
1.02,0.8791,-0.13733,1.8541,1.694,-0.064281,0.4084,-0.13857,1.0217,-0.33057,-9.2483,3.2317,-0.89912,0,0
1.01,0.86216,-0.13663,1.85,1.6949,-0.074337,0.41166,-0.046517,0.98931,-0.32148,-9.1608,3.246,-0.91869,0,0
1,0.84521,-0.13584,1.8459,1.6949,-0.084067,0.41483,0.044632,0.95678,-0.31219,-9.0682,3.2579,-0.93817,0,0
0.99,0.82826,-0.13495,1.8418,1.694,-0.093472,0.4179,0.13483,0.92416,-0.30271,-8.9703,3.2674,-0.95755,0,0
0.98,0.81133,-0.13397,1.8376,1.6922,-0.10255,0.42088,0.22402,0.89145,-0.29304,-8.8675,3.2745,-0.97683,0,0
0.97,0.79442,-0.1329,1.8333,1.6895,-0.1113,0.42376,0.31216,0.85867,-0.28318,-8.7598,3.2793,-0.99601,0,0
0.96,0.77754,-0.13175,1.8291,1.686,-0.11972,0.42654,0.3992,0.82587,-0.27312,-8.6472,3.2818,-1.0151,0,0
0.95,0.7607,-0.13051,1.8248,1.6816,-0.12782,0.42922,0.48509,0.79305,-0.26288,-8.53,3.282,-1.034,0,0
0.94,0.74391,-0.12919,1.8205,1.6763,-0.13558,0.4318,0.56979,0.76024,-0.25244,-8.4081,3.2799,-1.0529,0,0
0.93,0.72718,-0.1278,1.8162,1.6702,-0.14302,0.43427,0.65324,0.72746,-0.24182,-8.2817,3.2757,-1.0716,0,0
0.92,0.71051,-0.12633,1.8118,1.6632,-0.15013,0.43663,0.73541,0.69473,-0.23101,-8.1509,3.2692,-1.0903,0,0
0.91,0.69392,-0.1248,1.8074,1.6555,-0.15692,0.43889,0.81624,0.66208,-0.22001,-8.0158,3.2606,-1.1088,0,0
0.9,0.67741,-0.1232,1.803,1.6469,-0.16338,0.44103,0.89571,0.62953,-0.20883,-7.8765,3.2498,-1.1271,0,0
0.89,0.66098,-0.12153,1.7986,1.6376,-0.16951,0.44307,0.97376,0.59709,-0.19747,-7.7331,3.2369,-1.1454,0,0
0.88,0.64466,-0.11981,1.7942,1.6274,-0.17532,0.44498,1.0504,0.56479,-0.18593,-7.5856,3.2219,-1.1635,0,0
0.87,0.62844,-0.11803,1.7897,1.6165,-0.1808,0.44678,1.1255,0.53266,-0.1742,-7.4343,3.2049,-1.1815,0,0
0.86,0.61233,-0.11619,1.7852,1.6049,-0.18597,0.44847,1.199,0.5007,-0.1623,-7.2791,3.1858,-1.1994,0,0
0.85,0.59634,-0.11431,1.7807,1.5926,-0.19082,0.45003,1.271,0.46895,-0.15021,-7.1202,3.1648,-1.2171,0,0
0.84,0.58048,-0.11238,1.7762,1.5795,-0.19535,0.45147,1.3414,0.43741,-0.13796,-6.9577,3.1417,-1.2346,0,0
0.83,0.56475,-0.1104,1.7717,1.5657,-0.19957,0.45279,1.4102,0.40612,-0.12552,-6.7917,3.1167,-1.2521,0,0
0.82,0.54917,-0.10839,1.7672,1.5513,-0.20347,0.45398,1.4772,0.37509,-0.11292,-6.6223,3.0898,-1.2693,0,0
0.81,0.53373,-0.10633,1.7626,1.5362,-0.20707,0.45505,1.5426,0.34433,-0.10014,-6.4496,3.061,-1.2865,0,0
0.8,0.51844,-0.10425,1.7581,1.5205,-0.21036,0.45598,1.6062,0.31387,-0.087186,-6.2736,3.0304,-1.3034,0,0
0.79,0.50332,-0.10213,1.7535,1.5041,-0.21335,0.45679,1.6681,0.28373,-0.074068,-6.0946,2.9979,-1.3203,0,0
0.78,0.48836,-0.099979,1.7489,1.4871,-0.21604,0.45746,1.7281,0.25392,-0.060782,-5.9125,2.9635,-1.3369,0,0
0.77,0.47358,-0.097806,1.7444,1.4695,-0.21843,0.458,1.7863,0.22446,-0.04733,-5.7276,2.9274,-1.3534,0,0
0.76,0.45898,-0.095611,1.7398,1.4514,-0.22053,0.45841,1.8426,0.19538,-0.033715,-5.5398,2.8896,-1.3697,0,0
0.75,0.44455,-0.093397,1.7352,1.4327,-0.22234,0.45868,1.8971,0.16668,-0.019937,-5.3493,2.85,-1.3859,0,0
0.74,0.43032,-0.091166,1.7306,1.4135,-0.22386,0.45881,1.9496,0.13838,-0.005998,-5.1562,2.8087,-1.4018,0,0
0.73,0.41629,-0.088921,1.726,1.3937,-0.22511,0.4588,2.0002,0.11051,0.0080994,-4.9606,2.7657,-1.4176,0,0
0.72,0.40245,-0.086664,1.7214,1.3735,-0.22607,0.45864,2.0488,0.083074,0.022354,-4.7626,2.7211,-1.4332,0,0
0.71,0.38882,-0.0844,1.7169,1.3527,-0.22677,0.45835,2.0955,0.056092,0.036764,-4.5623,2.6749,-1.4487,0,0
0.7,0.3754,-0.08213,1.7123,1.3316,-0.2272,0.45791,2.1401,0.029581,0.051327,-4.3597,2.6271,-1.4639,0,0
0.69,0.36219,-0.079857,1.7077,1.3099,-0.22736,0.45732,2.1826,0.0035554,0.066042,-4.1551,2.5777,-1.479,0,0
0.68,0.3492,-0.077583,1.7031,1.2879,-0.22727,0.45659,2.2232,-0.021968,0.080906,-3.9485,2.5268,-1.4939,0,0
0.67,0.33643,-0.075312,1.6986,1.2655,-0.22693,0.4557,2.2616,-0.046975,0.095918,-3.7399,2.4744,-1.5085,0,0
0.66,0.32389,-0.073046,1.694,1.2427,-0.22633,0.45467,2.298,-0.071451,0.11108,-3.5295,2.4205,-1.523,0,0
0.65,0.31158,-0.070786,1.6895,1.2195,-0.2255,0.45348,2.3322,-0.09538,0.12638,-3.3175,2.3651,-1.5373,0,0
0.64,0.2995,-0.068537,1.6849,1.196,-0.22443,0.45214,2.3643,-0.11875,0.14182,-3.1038,2.3083,-1.5513,0,0
0.63,0.28766,-0.066299,1.6804,1.1723,-0.22313,0.45064,2.3943,-0.14154,0.1574,-2.8886,2.2501,-1.5652,0,0
0.62,0.27606,-0.064075,1.6759,1.1482,-0.2216,0.44899,2.4221,-0.16375,0.17312,-2.672,2.1906,-1.5788,0,0
0.61,0.2647,-0.061867,1.6715,1.1238,-0.21985,0.44718,2.4477,-0.18535,0.18898,-2.4541,2.1297,-1.5923,0,0
0.6,0.25358,-0.059678,1.667,1.0992,-0.21789,0.44521,2.4711,-0.20634,0.20497,-2.235,2.0675,-1.6055,0,0
0.59,0.24271,-0.05751,1.6625,1.0744,-0.21573,0.44308,2.4924,-0.22669,0.22109,-2.0147,2.004,-1.6185,0,0
0.58,0.2321,-0.055365,1.6581,1.0494,-0.21336,0.44079,2.5114,-0.24641,0.23734,-1.7935,1.9392,-1.6312,0,0
0.57,0.22173,-0.053244,1.6537,1.0242,-0.2108,0.43833,2.5283,-0.26547,0.25371,-1.5714,1.8732,-1.6438,0,0
0.56,0.21161,-0.051149,1.6494,0.99882,-0.20805,0.43572,2.5429,-0.28387,0.27021,-1.3484,1.806,-1.6561,0,0
0.55,0.20175,-0.049083,1.645,0.97333,-0.20513,0.43293,2.5552,-0.30159,0.28683,-1.1248,1.7376,-1.6682,0,0
0.54,0.19215,-0.047047,1.6407,0.94773,-0.20203,0.42998,2.5654,-0.31862,0.30357,-0.90054,1.6681,-1.68,0,0
0.53,0.1828,-0.045043,1.6364,0.92203,-0.19876,0.42686,2.5732,-0.33495,0.32043,-0.67578,1.5975,-1.6916,0,0
0.52,0.17371,-0.043073,1.6322,0.89627,-0.19533,0.42357,2.5789,-0.35057,0.33741,-0.45061,1.5257,-1.703,0,0
0.51,0.16487,-0.041137,1.628,0.87046,-0.19175,0.42011,2.5822,-0.36546,0.35449,-0.22513,1.4529,-1.7141,0,0
0.5,0.1563,-0.039238,1.6238,0.84463,-0.18802,0.41648,2.5834,-0.37962,0.37169,0.0005463,1.379,-1.725,0,0
0.49,0.14798,-0.037377,1.6196,0.8188,-0.18416,0.41268,2.5822,-0.39304,0.38899,0.22633,1.3042,-1.7356,0,0
0.48,0.13992,-0.035555,1.6155,0.79299,-0.18016,0.4087,2.5788,-0.4057,0.4064,0.45212,1.2283,-1.746,0,0
0.47,0.13212,-0.033774,1.6114,0.76723,-0.17605,0.40455,2.5732,-0.4176,0.42391,0.67782,1.1515,-1.7561,0,0
0.46,0.12458,-0.032035,1.6074,0.74154,-0.17181,0.40022,2.5653,-0.42873,0.44152,0.90332,1.0737,-1.7659,0,0
0.45,0.11729,-0.030338,1.6034,0.71593,-0.16747,0.39572,2.5551,-0.43907,0.45923,1.1285,0.99508,-1.7755,0,0
0.44,0.11026,-0.028686,1.5995,0.69044,-0.16304,0.39104,2.5427,-0.44863,0.47703,1.3533,0.91555,-1.7848,0,0
0.43,0.10348,-0.027078,1.5956,0.66509,-0.1585,0.38618,2.5281,-0.45738,0.49492,1.5777,0.83518,-1.7938,0,0
0.42,0.096955,-0.025516,1.5918,0.63989,-0.15389,0.38114,2.5112,-0.46533,0.5129,1.8014,0.75398,-1.8026,0,0
0.41,0.090681,-0.024,1.588,0.61487,-0.1492,0.37592,2.492,-0.47246,0.53097,2.0244,0.67199,-1.8111,0,0
0.4,0.084656,-0.022532,1.5843,0.59006,-0.14444,0.37052,2.4707,-0.47876,0.54913,2.2466,0.58924,-1.8193,0,0
0.39,0.078879,-0.021112,1.5806,0.56546,-0.13963,0.36493,2.4471,-0.48424,0.56736,2.468,0.50574,-1.8272,0,0
0.38,0.073346,-0.01974,1.577,0.54112,-0.13476,0.35917,2.4213,-0.48888,0.58567,2.6883,0.42154,-1.8349,0,0
0.37,0.068056,-0.018417,1.5734,0.51705,-0.12985,0.35322,2.3933,-0.49267,0.60405,2.9076,0.33665,-1.8422,0,0
0.36,0.063004,-0.017143,1.5699,0.49326,-0.12491,0.34709,2.3632,-0.49561,0.62251,3.1256,0.25111,-1.8493,0,0
0.35,0.058189,-0.015918,1.5665,0.46979,-0.11994,0.34077,2.3308,-0.49769,0.64104,3.3424,0.16493,-1.8561,0,0
0.34,0.053608,-0.014744,1.5631,0.44665,-0.11496,0.33427,2.2963,-0.4989,0.65963,3.5577,0.078162,-1.8625,0,0
0.33,0.049255,-0.013619,1.5598,0.42387,-0.10997,0.32758,2.2597,-0.49925,0.67829,3.7716,-0.0091848,-1.8687,0,0
0.32,0.045129,-0.012545,1.5565,0.40147,-0.10498,0.3207,2.2209,-0.49872,0.69701,3.9838,-0.097077,-1.8745,0,0
0.31,0.041225,-0.01152,1.5534,0.37946,-0.099998,0.31364,2.18,-0.49731,0.71578,4.1944,-0.18549,-1.8801,0,0
0.3,0.037538,-0.010544,1.5503,0.35787,-0.095036,0.30639,2.137,-0.49501,0.73461,4.4032,-0.27439,-1.8853,0,0
0.29,0.034066,-0.0096188,1.5472,0.33673,-0.090101,0.29894,2.092,-0.49182,0.75348,4.61,-0.36375,-1.8903,0,0
0.28,0.030802,-0.0087424,1.5443,0.31604,-0.085202,0.29132,2.0448,-0.48773,0.77241,4.8149,-0.45356,-1.8949,0,0
0.27,0.027743,-0.0079146,1.5414,0.29584,-0.080349,0.2835,1.9957,-0.48274,0.79138,5.0177,-0.54376,-1.8992,0,0
0.26,0.024884,-0.0071352,1.5386,0.27613,-0.07555,0.27549,1.9445,-0.47685,0.81039,5.2183,-0.63435,-1.9031,0,0
0.25,0.022219,-0.0064034,1.5359,0.25695,-0.070815,0.26729,1.8913,-0.47006,0.82944,5.4165,-0.7253,-1.9068,0,0
0.24,0.019743,-0.0057187,1.5333,0.23831,-0.066152,0.2589,1.8362,-0.46235,0.84853,5.6124,-0.81657,-1.9101,0,0
0.23,0.017451,-0.0050801,1.5307,0.22024,-0.061571,0.25032,1.7791,-0.45372,0.86764,5.8058,-0.90813,-1.913,0,0
0.22,0.015336,-0.0044869,1.5283,0.20274,-0.057081,0.24155,1.7201,-0.44418,0.88679,5.9966,-0.99997,-1.9157,0,0
0.21,0.013394,-0.0039382,1.5259,0.18584,-0.052691,0.23258,1.6591,-0.43372,0.90595,6.1847,-1.0921,-1.918,0,0
0.2,0.011618,-0.0034328,1.5236,0.16956,-0.048409,0.22343,1.5964,-0.42234,0.92514,6.37,-1.1844,-1.9199,0,0
0.19,0.010001,-0.0029696,1.5214,0.15392,-0.044247,0.21408,1.5318,-0.41004,0.94435,6.5523,-1.2768,-1.9215,0,0
0.18,0.008537,-0.0025474,1.5193,0.13893,-0.040212,0.20454,1.4653,-0.3968,0.96357,6.7317,-1.3695,-1.9228,0,0
0.17,0.0072198,-0.0021649,1.5173,0.12462,-0.036314,0.19481,1.3971,-0.38265,0.98281,6.908,-1.4623,-1.9237,0,0
0.16,0.0060423,-0.0018206,1.5154,0.111,-0.032562,0.18488,1.3272,-0.36756,1.002,7.0811,-1.5552,-1.9243,0,0
0.15,0.0049975,-0.0015131,1.5136,0.09808,-0.028966,0.17477,1.2555,-0.35154,1.0213,7.2509,-1.6481,-1.9245,0,0
0.14,0.0040783,-0.0012408,1.5119,0.08589,-0.025534,0.16446,1.1822,-0.3346,1.0405,7.4173,-1.7411,-1.9243,0,0
0.13,0.0032773,-0.0010019,1.5104,0.074442,-0.022277,0.15396,1.1072,-0.31672,1.0598,7.5802,-1.8342,-1.9238,0,0
0.12,0.0025869,-0.00079462,1.5089,0.063752,-0.019203,0.14326,1.0306,-0.29791,1.079,7.7395,-1.9272,-1.9229,0,0
0.11,0.0019996,-0.00061716,1.5075,0.053836,-0.016322,0.13238,0.95241,-0.27818,1.0982,7.8951,-2.0202,-1.9216,0,0
0.1,0.0015076,-0.00046751,1.5062,0.044709,-0.013643,0.1213,0.8727,-0.25751,1.1174,8.0469,-2.1132,-1.92,0,0
0.09,0.0011028,-0.0003436,1.5051,0.036387,-0.011175,0.11003,0.79149,-0.23591,1.1366,8.1948,-2.206,-1.918,0,0
0.08,0.00077711,-0.00024328,1.504,0.028884,-0.0089274,0.098565,0.70882,-0.21339,1.1558,8.3387,-2.2988,-1.9156,0,0
0.07,0.00052232,-0.00016429,1.5031,0.022215,-0.00691,0.086911,0.62473,-0.18994,1.1749,8.4785,-2.3914,-1.9128,0,0
0.06,0.00032999,-0.00010428,1.5023,0.016394,-0.0051317,0.075066,0.53926,-0.16556,1.1941,8.614,-2.4838,-1.9096,0,0
0.05,0.00019157,-6.0824e-05,1.5016,0.011434,-0.0036019,0.06303,0.45246,-0.14026,1.2131,8.7453,-2.576,-1.9061,0,0
0.04,9.839e-05,-3.1385e-05,1.501,0.007349,-0.0023296,0.050804,0.36437,-0.11404,1.2322,8.8722,-2.668,-1.9021,0,0
0.03,4.1635e-05,-1.3343e-05,1.5006,0.0041509,-0.0013241,0.038387,0.27503,-0.086903,1.2512,8.9946,-2.7598,-1.8978,0,0
0.02,1.2373e-05,-3.9838e-06,1.5003,0.0018523,-0.00059454,0.02578,0.18449,-0.058848,1.2701,9.1124,-2.8513,-1.8931,0,0
0.01,1.5512e-06,-5.0177e-07,1.5001,0.0004649,-0.00015015,0.012985,0.0928,-0.029879,1.289,9.2255,-2.9424,-1.8879,0,0
0,0,0,1.5,0,0,0,0,0,1.3079,9.3338,-3.0333,-1.8824,0,0
