7.27,0.00060396,0.00056493,1.501,0.00037447,0.00036359,-0.00015727,-0.0453,-0.051772,0.035313,16.556,18.968,-12.823,0,0
7.26,0.00059521,0.00055558,1.501,0.0016445,0.0018131,-0.0011405,-0.20764,-0.23648,0.16024,15.913,17.977,-12.164,0,0
7.25,0.00056576,0.00052267,1.501,0.0045059,0.0050605,-0.0033402,-0.3636,-0.41139,0.27863,15.281,17.008,-11.518,0,0
7.24,0.0005,0.0004487,1.501,0.0088955,0.010009,-0.0066919,-0.51329,-0.5767,0.39064,14.66,16.058,-10.886,0,0
7.23,0.00038297,0.00031714,1.5011,0.014751,0.016563,-0.011132,-0.65682,-0.73262,0.49639,14.049,15.129,-10.267,0,0
7.22,0.0002003,0.00011239,1.5013,0.022012,0.024631,-0.016599,-0.7943,-0.87935,0.59602,13.449,14.22,-9.6609,0,0
7.21,-6.1754e-05,-0.00018021,1.5015,0.030617,0.03412,-0.023033,-0.92584,-1.0171,0.68966,12.86,13.331,-9.068,0,0
7.2,-0.00041634,-0.00057445,1.5017,0.040509,0.044943,-0.030373,-1.0515,-1.146,0.77743,12.281,12.461,-8.4881,0,0
7.19,-0.00087603,-0.0010832,1.5021,0.051629,0.057012,-0.038562,-1.1715,-1.2664,0.85946,11.712,11.611,-7.921,0,0
7.18,-0.0014528,-0.0017186,1.5025,0.06392,0.070242,-0.047543,-1.2858,-1.3783,0.93589,11.154,10.78,-7.3667,0,0
7.17,-0.0021581,-0.0024917,1.503,0.077327,0.084551,-0.057262,-1.3946,-1.482,1.0068,10.606,9.969,-6.825,0,0
7.16,-0.0030029,-0.0034129,1.5036,0.091794,0.099857,-0.067662,-1.498,-1.5778,1.0724,10.068,9.1768,-6.2959,0,0
7.15,-0.0039974,-0.0044919,1.5044,0.10727,0.11608,-0.078693,-1.596,-1.6656,1.1328,9.5407,8.4035,-5.7792,0,0
7.14,-0.0051514,-0.0057373,1.5052,0.1237,0.13314,-0.090301,-1.6888,-1.7459,1.1881,9.0231,7.6491,-5.2748,0,0
7.13,-0.0064743,-0.0071573,1.5062,0.14103,0.15097,-0.10244,-1.7765,-1.8187,1.2383,8.5155,6.9133,-4.7827,0,0
7.12,-0.0079748,-0.0087591,1.5073,0.15921,0.16949,-0.11505,-1.8592,-1.8842,1.2838,8.0177,6.196,-4.3028,0,0
7.11,-0.0096612,-0.010549,1.5085,0.17819,0.18863,-0.1281,-1.9369,-1.9427,1.3244,7.5297,5.497,-3.8349,0,0
7.1,-0.011541,-0.012534,1.5098,0.19793,0.20832,-0.14152,-2.0098,-1.9942,1.3605,7.0514,4.8163,-3.379,0,0
7.09,-0.013622,-0.014717,1.5113,0.21837,0.2285,-0.15529,-2.0779,-2.0391,1.392,6.5828,4.1537,-2.935,0,0
7.08,-0.015911,-0.017105,1.5129,0.23947,0.24908,-0.16935,-2.1415,-2.0773,1.4192,6.1238,3.509,-2.5027,0,0
7.07,-0.018414,-0.0197,1.5147,0.26119,0.27002,-0.18366,-2.2004,-2.1093,1.4421,5.6742,2.8821,-2.0821,0,0
7.06,-0.021137,-0.022506,1.5166,0.28347,0.29125,-0.19818,-2.255,-2.135,1.4609,5.2341,2.2728,-1.6731,0,0
7.05,-0.024085,-0.025526,1.5187,0.30627,0.3127,-0.21287,-2.3052,-2.1548,1.4756,4.8033,1.681,-1.2755,0,0
7.04,-0.027264,-0.028761,1.5209,0.32956,0.33432,-0.22768,-2.3511,-2.1687,1.4865,4.3818,1.1065,-0.8894,0,0
7.03,-0.030677,-0.032213,1.5232,0.35328,0.35606,-0.24258,-2.3928,-2.177,1.4935,3.9695,0.54926,-0.51455,0,0
7.02,-0.034331,-0.035882,1.5257,0.3774,0.37785,-0.25754,-2.4305,-2.1798,1.4968,3.5663,0.0090689,-0.15091,0,0
7.01,-0.038227,-0.03977,1.5284,0.40188,0.39964,-0.27251,-2.4642,-2.1772,1.4965,3.1722,-0.5142,0.20162,0,0
7,-0.042369,-0.043875,1.5312,0.42667,0.42137,-0.28746,-2.494,-2.1695,1.4928,2.787,-1.0207,0.54314,0,0
6.99,-0.046761,-0.048197,1.5341,0.45174,0.44301,-0.30235,-2.52,-2.1569,1.4857,2.4108,-1.5105,0.87372,0,0
6.98,-0.051405,-0.052734,1.5372,0.47706,0.46449,-0.31716,-2.5422,-2.1394,1.4754,2.0434,-1.9839,1.1935,0,0
6.97,-0.056303,-0.057486,1.5405,0.50258,0.48578,-0.33185,-2.5609,-2.1172,1.4619,1.6848,-2.4409,1.5025,0,0
6.96,-0.061457,-0.062449,1.5439,0.52826,0.50682,-0.34639,-2.5759,-2.0906,1.4453,1.3349,-2.8817,1.8008,0,0
6.95,-0.066869,-0.067622,1.5474,0.55408,0.52758,-0.36074,-2.5876,-2.0597,1.4259,0.99363,-3.3064,2.0886,0,0
6.94,-0.072539,-0.073,1.5511,0.58,0.548,-0.37489,-2.5958,-2.0245,1.4036,0.66091,-3.7151,2.3659,0,0
6.93,-0.078469,-0.07858,1.5549,0.60599,0.56806,-0.38881,-2.6008,-1.9854,1.3786,0.33668,-4.108,2.6328,0,0
6.92,-0.084659,-0.08436,1.5588,0.63201,0.5877,-0.40246,-2.6026,-1.9424,1.351,0.020873,-4.4853,2.8895,0,0
6.91,-0.091109,-0.090333,1.5629,0.65803,0.60689,-0.41582,-2.6013,-1.8958,1.3208,-0.28658,-4.847,3.1359,0,0
6.9,-0.097819,-0.096496,1.5672,0.68402,0.6256,-0.42887,-2.5969,-1.8455,1.2883,-0.58576,-5.1933,3.3722,0,0
6.89,-0.10479,-0.10284,1.5715,0.70996,0.64379,-0.44158,-2.5896,-1.7919,1.2534,-0.87672,-5.5244,3.5985,0,0
6.88,-0.11202,-0.10937,1.576,0.73581,0.66143,-0.45393,-2.5794,-1.7351,1.2164,-1.1595,-5.8403,3.8148,0,0
6.87,-0.11951,-0.11607,1.5806,0.76154,0.67849,-0.4659,-2.5664,-1.6752,1.1772,-1.4343,-6.1412,4.0213,0,0
6.86,-0.12725,-0.12294,1.5853,0.78713,0.69493,-0.47746,-2.5507,-1.6123,1.136,-1.701,-6.4273,4.218,0,0
6.85,-0.13525,-0.12997,1.5901,0.81254,0.71072,-0.48861,-2.5324,-1.5467,1.0928,-1.9598,-6.6986,4.405,0,0
6.84,-0.1435,-0.13715,1.5951,0.83777,0.72585,-0.49932,-2.5116,-1.4784,1.0479,-2.2107,-6.9552,4.5824,0,0
6.83,-0.152,-0.14448,1.6001,0.86277,0.74028,-0.50956,-2.4882,-1.4076,1.0012,-2.4538,-7.1975,4.7504,0,0
6.82,-0.16075,-0.15195,1.6053,0.88752,0.754,-0.51933,-2.4625,-1.3345,0.95292,-2.6892,-7.4253,4.9088,0,0
6.81,-0.16975,-0.15956,1.6105,0.91201,0.76697,-0.52862,-2.4345,-1.2592,0.90308,-2.9169,-7.639,5.058,0,0
6.8,-0.17899,-0.16729,1.6158,0.93621,0.77917,-0.53739,-2.4042,-1.1818,0.85179,-3.137,-7.8385,5.1979,0,0
6.79,-0.18847,-0.17514,1.6213,0.96009,0.7906,-0.54565,-2.3718,-1.1025,0.79915,-3.3495,-8.0241,5.3286,0,0
6.78,-0.19819,-0.1831,1.6267,0.98363,0.80122,-0.55337,-2.3372,-1.0213,0.74525,-3.5546,-8.1959,5.4502,0,0
6.77,-0.20815,-0.19116,1.6323,1.0068,0.81102,-0.56055,-2.3007,-0.93858,0.69018,-3.7522,-8.354,5.5628,0,0
6.76,-0.21833,-0.19932,1.638,1.0296,0.81998,-0.56717,-2.2622,-0.85431,0.63402,-3.9425,-8.4984,5.6665,0,0
6.75,-0.22874,-0.20756,1.6437,1.0521,0.8281,-0.57322,-2.2219,-0.76866,0.57688,-4.1255,-8.6295,5.7613,0,0
6.74,-0.23937,-0.21588,1.6494,1.0741,0.83535,-0.5787,-2.1797,-0.68177,0.51883,-4.3013,-8.7472,5.8474,0,0
6.73,-0.25022,-0.22426,1.6552,1.0957,0.84173,-0.5836,-2.1359,-0.59376,0.45996,-4.4699,-8.8516,5.9248,0,0
6.72,-0.26128,-0.23271,1.6611,1.1168,0.84722,-0.5879,-2.0904,-0.50478,0.40036,-4.6315,-8.943,5.9936,0,0
6.71,-0.27255,-0.2412,1.667,1.1375,0.85182,-0.5916,-2.0433,-0.41494,0.34011,-4.786,-9.0215,6.0539,0,0
6.7,-0.28403,-0.24974,1.6729,1.1576,0.85552,-0.5947,-1.9947,-0.32439,0.27931,-4.9335,-9.0871,6.1058,0,0
6.69,-0.2957,-0.25831,1.6789,1.1773,0.85831,-0.59719,-1.9446,-0.23324,0.21802,-5.0742,-9.14,6.1493,0,0
6.68,-0.30757,-0.2669,1.6849,1.1965,0.86018,-0.59906,-1.8932,-0.14163,0.15635,-5.208,-9.1803,6.1845,0,0
6.67,-0.31963,-0.27551,1.6909,1.2152,0.86114,-0.60031,-1.8405,-0.049678,0.094362,-5.335,-9.2081,6.2115,0,0
6.66,-0.33187,-0.28412,1.6969,1.2333,0.86118,-0.60095,-1.7865,0.042491,0.032146,-5.4553,-9.2236,6.2304,0,0
6.65,-0.3443,-0.29273,1.7029,1.2509,0.86029,-0.60096,-1.7314,0.13475,-0.03022,-5.5689,-9.2269,6.2413,0,0
6.64,-0.35689,-0.30133,1.7089,1.268,0.85848,-0.60034,-1.6752,0.22699,-0.092654,-5.676,-9.218,6.2442,0,0
6.63,-0.36965,-0.3099,1.7149,1.2844,0.85575,-0.5991,-1.6179,0.31907,-0.15508,-5.7765,-9.1972,6.2392,0,0
6.62,-0.38258,-0.31844,1.7209,1.3003,0.8521,-0.59724,-1.5597,0.41089,-0.21741,-5.8706,-9.1644,6.2264,0,0
6.61,-0.39566,-0.32694,1.7268,1.3156,0.84753,-0.59476,-1.5005,0.50232,-0.27958,-5.9582,-9.12,6.2059,0,0
6.6,-0.40889,-0.33539,1.7328,1.3303,0.84206,-0.59165,-1.4405,0.59325,-0.3415,-6.0395,-9.0638,6.1777,0,0
6.59,-0.42226,-0.34378,1.7387,1.3444,0.83567,-0.58793,-1.3797,0.68356,-0.40311,-6.1144,-8.9962,6.1419,0,0
6.58,-0.43577,-0.3521,1.7445,1.3579,0.82839,-0.58359,-1.3182,0.77314,-0.46432,-6.1832,-8.9171,6.0987,0,0
6.57,-0.44942,-0.36034,1.7503,1.3708,0.82021,-0.57864,-1.2561,0.86187,-0.52506,-6.2458,-8.8268,6.048,0,0
6.56,-0.46319,-0.3685,1.7561,1.383,0.81115,-0.57309,-1.1934,0.94964,-0.58525,-6.3022,-8.7252,5.99,0,0
6.55,-0.47708,-0.37656,1.7618,1.3947,0.80122,-0.56694,-1.1301,1.0363,-0.64483,-6.3526,-8.6126,5.9246,0,0
6.54,-0.49108,-0.38452,1.7674,1.4056,0.79043,-0.5602,-1.0663,1.1219,-0.70372,-6.397,-8.4891,5.8521,0,0
6.53,-0.50519,-0.39237,1.773,1.416,0.77879,-0.55287,-1.0022,1.2061,-0.76185,-6.4354,-8.3547,5.7725,0,0
6.52,-0.5194,-0.40009,1.7785,1.4257,0.76631,-0.54496,-0.93763,1.2889,-0.81915,-6.468,-8.2096,5.6858,0,0
6.51,-0.5337,-0.40769,1.7839,1.4347,0.75302,-0.53649,-0.87281,1.3702,-0.87554,-6.4947,-8.0539,5.5921,0,0
6.5,-0.54809,-0.41515,1.7892,1.4431,0.73891,-0.52745,-0.80775,1.45,-0.93097,-6.5157,-7.8876,5.4915,0,0
6.49,-0.56256,-0.42247,1.7944,1.4509,0.72402,-0.51787,-0.74252,1.528,-0.98535,-6.531,-7.711,5.3841,0,0
6.48,-0.5771,-0.42963,1.7996,1.458,0.70836,-0.50775,-0.67715,1.6041,-1.0386,-6.5406,-7.5241,5.2699,0,0
6.47,-0.59172,-0.43663,1.8046,1.4644,0.69195,-0.4971,-0.61172,1.6784,-1.0907,-6.5446,-7.327,5.149,0,0
6.46,-0.60639,-0.44346,1.8095,1.4702,0.6748,-0.48594,-0.54628,1.7506,-1.1416,-6.543,-7.1198,5.0215,0,0
6.45,-0.62112,-0.45012,1.8143,1.4754,0.65694,-0.47428,-0.48088,1.8208,-1.1911,-6.536,-6.9027,4.8874,0,0
6.44,-0.6359,-0.4566,1.819,1.4798,0.63839,-0.46212,-0.41558,1.8887,-1.2393,-6.5235,-6.6758,4.7469,0,0
6.43,-0.65071,-0.46289,1.8235,1.4837,0.61917,-0.44949,-0.35043,1.9542,-1.286,-6.5057,-6.4391,4.5999,0,0
6.42,-0.66557,-0.46898,1.828,1.4868,0.59931,-0.43641,-0.28548,2.0174,-1.3313,-6.4825,-6.1928,4.4466,0,0
6.41,-0.68045,-0.47487,1.8323,1.4894,0.57883,-0.42287,-0.2208,2.0781,-1.375,-6.4541,-5.9369,4.2871,0,0
6.4,-0.69535,-0.48056,1.8364,1.4913,0.55776,-0.40891,-0.15642,2.1361,-1.417,-6.4204,-5.6716,4.1213,0,0
6.39,-0.71027,-0.48603,1.8404,1.4925,0.53612,-0.39454,-0.092405,2.1915,-1.4574,-6.3816,-5.397,3.9494,0,0
6.38,-0.7252,-0.49128,1.8443,1.4931,0.51394,-0.37977,-0.028805,2.244,-1.496,-6.3377,-5.1132,3.7714,0,0
6.37,-0.74013,-0.4963,1.848,1.4931,0.49125,-0.36463,0.034332,2.2937,-1.5328,-6.2887,-4.8203,3.5875,0,0
6.36,-0.75506,-0.5011,1.8516,1.4924,0.46808,-0.34912,0.096953,2.3404,-1.5677,-6.2347,-4.5183,3.3976,0,0
6.35,-0.77046,-0.50633,1.8544,1.4908,0.44388,-0.33348,0.15879,2.3834,-1.6004,-6.1795,-4.2213,3.2101,0,0
6.34,-0.78536,-0.51065,1.8577,1.4889,0.41984,-0.31732,0.2203,2.4241,-1.6316,-6.1226,-3.9285,3.025,0,0
6.33,-0.80023,-0.51473,1.8608,1.4864,0.3954,-0.30085,0.28124,2.462,-1.661,-6.0646,-3.6411,2.8428,0,0
6.32,-0.81508,-0.51856,1.8637,1.4833,0.37061,-0.28411,0.34159,2.497,-1.6885,-6.0054,-3.3593,2.6636,0,0
6.31,-0.8299,-0.52214,1.8664,1.4796,0.34547,-0.26709,0.40135,2.5292,-1.7142,-5.9451,-3.0828,2.4873,0,0
6.3,-0.84467,-0.52547,1.869,1.4753,0.32003,-0.24983,0.46049,2.5586,-1.7382,-5.8836,-2.8117,2.3139,0,0
6.29,-0.8594,-0.52854,1.8714,1.4704,0.29431,-0.23233,0.51901,2.5854,-1.7605,-5.8211,-2.5458,2.1433,0,0
6.28,-0.87408,-0.53135,1.8737,1.4649,0.26833,-0.21462,0.57691,2.6096,-1.7811,-5.7574,-2.2853,1.9756,0,0
6.27,-0.8887,-0.53391,1.8757,1.4588,0.24213,-0.19671,0.63416,2.6311,-1.8,-5.6927,-2.0299,1.8107,0,0
6.26,-0.90325,-0.53619,1.8776,1.4522,0.21572,-0.17863,0.69076,2.6502,-1.8173,-5.6269,-1.7798,1.6486,0,0
6.25,-0.91774,-0.53822,1.8793,1.445,0.18913,-0.16037,0.74669,2.6668,-1.833,-5.56,-1.5348,1.4893,0,0
6.24,-0.93215,-0.53998,1.8808,1.4373,0.16239,-0.14197,0.80195,2.6809,-1.8471,-5.4921,-1.2948,1.3327,0,0
6.23,-0.94648,-0.54147,1.8821,1.429,0.13552,-0.12344,0.85653,2.6927,-1.8597,-5.4232,-1.0599,1.1788,0,0
6.22,-0.96073,-0.54269,1.8833,1.4202,0.10854,-0.10478,0.91041,2.7021,-1.8707,-5.3533,-0.83002,1.0277,0,0
6.21,-0.97488,-0.54364,1.8842,1.4108,0.081486,-0.086026,0.96359,2.7093,-1.8802,-5.2823,-0.60509,0.87918,0,0
6.2,-0.98894,-0.54432,1.885,1.4009,0.054366,-0.067182,1.0161,2.7142,-1.8883,-5.2104,-0.38506,0.73337,0,0
6.19,-1.0029,-0.54472,1.8856,1.3905,0.027208,-0.048265,1.0678,2.717,-1.8949,-5.1375,-0.16992,0.5902,0,0
6.18,-1.0168,-0.54486,1.886,1.3795,3.3222e-05,-0.029288,1.1188,2.7177,-1.9001,-5.0636,0.040403,0.44964,0,0
6.17,-1.0305,-0.54472,1.8862,1.3681,-0.027138,-0.010267,1.1691,2.7162,-1.9039,-4.9888,0.24593,0.31168,0,0
6.16,-1.0441,-0.54432,1.8862,1.3562,-0.054284,0.0087855,1.2186,2.7127,-1.9064,-4.9131,0.44672,0.17628,0,0
6.15,-1.0576,-0.54364,1.886,1.3437,-0.081386,0.027856,1.2673,2.7073,-1.9075,-4.8364,0.6428,0.043442,0,0
6.14,-1.071,-0.54269,1.8856,1.3308,-0.10842,0.04693,1.3153,2.6999,-1.9072,-4.7588,0.83422,-0.086873,0,0
6.13,-1.0842,-0.54147,1.8851,1.3174,-0.13538,0.065996,1.3625,2.6906,-1.9057,-4.6803,1.021,-0.21468,0,0
6.12,-1.0973,-0.53998,1.8843,1.3036,-0.16223,0.085041,1.4089,2.6795,-1.903,-4.601,1.2032,-0.34,0,0
6.11,-1.1103,-0.53823,1.8833,1.2892,-0.18896,0.10405,1.4545,2.6666,-1.8989,-4.5207,1.3809,-0.46286,0,0
6.1,-1.1231,-0.5362,1.8822,1.2745,-0.21556,0.12302,1.4993,2.6519,-1.8937,-4.4396,1.5541,-0.58328,0,0
6.09,-1.1358,-0.53392,1.8809,1.2593,-0.24199,0.14192,1.5433,2.6355,-1.8873,-4.3577,1.7228,-0.70127,0,0
6.08,-1.1483,-0.53136,1.8794,1.2436,-0.26826,0.16076,1.5865,2.6175,-1.8797,-4.2749,1.8871,-0.81687,0,0
6.07,-1.1607,-0.52855,1.8777,1.2275,-0.29434,0.17951,1.6288,2.5978,-1.871,-4.1913,2.047,-0.93009,0,0
6.06,-1.1728,-0.52548,1.8758,1.211,-0.32021,0.19817,1.6703,2.5765,-1.8611,-4.1069,2.2026,-1.0409,0,0
6.05,-1.1849,-0.52215,1.8737,1.1941,-0.34586,0.21673,1.7109,2.5537,-1.8501,-4.0217,2.3539,-1.1495,0,0
6.04,-1.1967,-0.51856,1.8715,1.1768,-0.37128,0.23517,1.7507,2.5295,-1.8381,-3.9357,2.501,-1.2557,0,0
6.03,-1.2084,-0.51472,1.869,1.1591,-0.39645,0.25349,1.7896,2.5037,-1.825,-3.849,2.6438,-1.3596,0,0
6.02,-1.2199,-0.51063,1.8664,1.141,-0.42135,0.27167,1.8277,2.4766,-1.8109,-3.7614,2.7824,-1.4612,0,0
6.01,-1.2312,-0.5063,1.8636,1.1226,-0.44598,0.2897,1.8649,2.4481,-1.7958,-3.6732,2.9169,-1.5606,0,0
6,-1.2424,-0.50172,1.8606,1.1037,-0.47031,0.30758,1.9012,2.4183,-1.7797,-3.5841,3.0473,-1.6577,0,0
5.99,-1.2533,-0.49689,1.8574,1.0845,-0.49434,0.3253,1.9366,2.3872,-1.7627,-3.4944,3.1737,-1.7526,0,0
5.98,-1.264,-0.49183,1.8541,1.065,-0.51805,0.34283,1.971,2.3548,-1.7447,-3.4039,3.296,-1.8454,0,0
5.97,-1.2746,-0.48653,1.8506,1.0451,-0.54143,0.36019,2.0046,2.3213,-1.7258,-3.3128,3.4143,-1.9359,0,0
5.96,-1.285,-0.481,1.8469,1.0249,-0.56447,0.37735,2.0373,2.2865,-1.706,-3.2209,3.5287,-2.0243,0,0
5.95,-1.2951,-0.47524,1.843,1.0044,-0.58716,0.3943,2.069,2.2507,-1.6853,-3.1284,3.6391,-2.1106,0,0
5.94,-1.305,-0.46926,1.839,0.98354,-0.60948,0.41105,2.0999,2.2138,-1.6638,-3.0352,3.7457,-2.1947,0,0
5.93,-1.3148,-0.46306,1.8348,0.96239,-0.63143,0.42757,2.1297,2.1758,-1.6414,-2.9414,3.8485,-2.2768,0,0
5.92,-1.3243,-0.45663,1.8304,0.94095,-0.65299,0.44387,2.1587,2.1368,-1.6182,-2.8469,3.9475,-2.3567,0,0
5.91,-1.3336,-0.45,1.8259,0.91922,-0.67416,0.45994,2.1867,2.0969,-1.5943,-2.7517,4.0427,-2.4346,0,0
5.9,-1.3427,-0.44315,1.8212,0.89722,-0.69493,0.47576,2.2137,2.056,-1.5696,-2.656,4.1341,-2.5105,0,0
5.89,-1.3515,-0.4361,1.8164,0.87495,-0.71528,0.49133,2.2398,2.0142,-1.5441,-2.5596,4.2219,-2.5844,0,0
5.88,-1.3602,-0.42885,1.8114,0.85243,-0.73521,0.50664,2.2649,1.9716,-1.5179,-2.4626,4.3061,-2.6562,0,0
5.87,-1.3686,-0.4214,1.8063,0.82966,-0.75471,0.52168,2.2891,1.9281,-1.491,-2.3651,4.3866,-2.7261,0,0
5.86,-1.3768,-0.41375,1.801,0.80665,-0.77377,0.53645,2.3122,1.8838,-1.4634,-2.2669,4.4635,-2.794,0,0
5.85,-1.3847,-0.40592,1.7956,0.78342,-0.79238,0.55095,2.3344,1.8388,-1.4351,-2.1682,4.5369,-2.86,0,0
5.84,-1.3924,-0.39791,1.79,0.75997,-0.81054,0.56515,2.3556,1.7931,-1.4062,-2.0689,4.6068,-2.924,0,0
5.83,-1.3999,-0.38971,1.7842,0.73631,-0.82824,0.57907,2.3758,1.7467,-1.3766,-1.9691,4.6732,-2.9861,0,0
5.82,-1.4072,-0.38135,1.7784,0.71245,-0.84547,0.59268,2.395,1.6997,-1.3464,-1.8687,4.7362,-3.0464,0,0
5.81,-1.4142,-0.37281,1.7724,0.68841,-0.86223,0.60599,2.4131,1.652,-1.3157,-1.7679,4.7958,-3.1048,0,0
5.8,-1.4209,-0.3641,1.7663,0.66419,-0.87851,0.61899,2.4303,1.6037,-1.2844,-1.6665,4.852,-3.1613,0,0
5.79,-1.4274,-0.35524,1.76,0.63981,-0.89431,0.63168,2.4465,1.555,-1.2525,-1.5646,4.9049,-3.216,0,0
5.78,-1.4337,-0.34622,1.7536,0.61527,-0.90961,0.64404,2.4616,1.5057,-1.22,-1.4621,4.9545,-3.2688,0,0
5.77,-1.4397,-0.33705,1.7471,0.59058,-0.92442,0.65608,2.4757,1.4559,-1.1871,-1.3593,5.0008,-3.3199,0,0
5.76,-1.4455,-0.32773,1.7405,0.56576,-0.93872,0.66778,2.4888,1.4057,-1.1537,-1.2559,5.044,-3.3692,0,0
5.75,-1.4511,-0.31827,1.7338,0.54081,-0.95253,0.67915,2.5008,1.355,-1.1197,-1.1521,5.0839,-3.4168,0,0
5.74,-1.4563,-0.30868,1.7269,0.51575,-0.96582,0.69017,2.5118,1.304,-1.0853,-1.0478,5.1206,-3.4625,0,0
5.73,-1.4614,-0.29896,1.72,0.49058,-0.97861,0.70085,2.5218,1.2526,-1.0505,-0.94304,5.1542,-3.5066,0,0
5.72,-1.4662,-0.28911,1.7129,0.46531,-0.99087,0.71118,2.5307,1.2009,-1.0152,-0.83787,5.1848,-3.549,0,0
5.71,-1.4707,-0.27914,1.7058,0.43997,-1.0026,0.72116,2.5385,1.1489,-0.9795,-0.73227,5.2122,-3.5896,0,0
5.7,-1.475,-0.26906,1.6985,0.41455,-1.0139,0.73077,2.5453,1.0967,-0.94341,-0.62626,5.2367,-3.6286,0,0
5.69,-1.479,-0.25887,1.6911,0.38906,-1.0246,0.74002,2.5511,1.0442,-0.90693,-0.51984,5.2581,-3.6659,0,0
5.68,-1.4827,-0.24857,1.6837,0.36353,-1.0347,0.74891,2.5557,0.99153,-0.87009,-0.41303,5.2766,-3.7016,0,0
5.67,-1.4862,-0.23818,1.6762,0.33795,-1.0444,0.75742,2.5593,0.93868,-0.83291,-0.30582,5.2921,-3.7357,0,0
5.66,-1.4895,-0.22769,1.6686,0.31235,-1.0535,0.76557,2.5618,0.88569,-0.79539,-0.19824,5.3048,-3.7682,0,0
5.65,-1.4925,-0.21711,1.6609,0.28672,-1.0621,0.77333,2.5633,0.83259,-0.75755,-0.090295,5.3146,-3.799,0,0
5.64,-1.4952,-0.20645,1.6531,0.26108,-1.0702,0.78072,2.5636,0.77941,-0.71941,0.018014,5.3216,-3.8283,0,0
5.63,-1.4977,-0.19571,1.6452,0.23545,-1.0777,0.78772,2.5629,0.72617,-0.68099,0.12667,5.3257,-3.8561,0,0
5.62,-1.4999,-0.18489,1.6373,0.20983,-1.0847,0.79433,2.5611,0.67291,-0.64229,0.23567,5.3271,-3.8823,0,0
5.61,-1.5019,-0.17401,1.6294,0.18423,-1.0911,0.80056,2.5582,0.61964,-0.60335,0.345,5.3258,-3.907,0,0
5.6,-1.5036,-0.16307,1.6213,0.15867,-1.0971,0.8064,2.5542,0.5664,-0.56416,0.45466,5.3217,-3.9301,0,0
5.59,-1.5051,-0.15207,1.6132,0.13315,-1.1025,0.81185,2.5491,0.51321,-0.52475,0.56462,5.315,-3.9518,0,0
5.58,-1.5063,-0.14102,1.6051,0.10769,-1.1073,0.8169,2.5429,0.46011,-0.48513,0.67489,5.3056,-3.972,0,0
5.57,-1.5072,-0.12993,1.5969,0.082296,-1.1117,0.82155,2.5356,0.40711,-0.44531,0.78546,5.2937,-3.9908,0,0
5.56,-1.5079,-0.11879,1.5887,0.056981,-1.1155,0.8258,2.5272,0.35424,-0.40532,0.89632,5.2791,-4.0081,0,0
5.55,-1.5084,-0.10762,1.5804,0.031756,-1.1188,0.82965,2.5177,0.30154,-0.36516,1.0074,5.262,-4.024,0,0
5.54,-1.5086,-0.096419,1.5721,0.0066313,-1.1215,0.8331,2.5071,0.24901,-0.32484,1.1188,5.2423,-4.0384,0,0
5.53,-1.5085,-0.085192,1.5637,-0.018381,-1.1237,0.83615,2.4953,0.1967,-0.28439,1.2305,5.2202,-4.0515,0,0
5.52,-1.5082,-0.073946,1.5553,-0.043271,-1.1255,0.83879,2.4824,0.14462,-0.24382,1.3424,5.1956,-4.0632,0,0
5.51,-1.5076,-0.062685,1.5469,-0.068027,-1.1266,0.84103,2.4685,0.092794,-0.20313,1.4546,5.1686,-4.0736,0,0
5.5,-1.5068,-0.051415,1.5385,-0.092636,-1.1273,0.84285,2.4533,0.041253,-0.16235,1.567,5.1392,-4.0825,0,0
5.49,-1.5058,-0.040141,1.5301,-0.11709,-1.1275,0.84427,2.4371,-0.009981,-0.12149,1.6796,5.1073,-4.0902,0,0
5.48,-1.5045,-0.028867,1.5216,-0.14138,-1.1271,0.84528,2.4198,-0.060886,-0.080551,1.7924,5.0732,-4.0965,0,0
5.47,-1.503,-0.0176,1.5132,-0.16548,-1.1262,0.84588,2.4013,-0.11144,-0.039559,1.9055,5.0367,-4.1016,0,0
5.46,-1.5012,-0.0063441,1.5047,-0.1894,-1.1249,0.84607,2.3816,-0.16161,0.0014762,2.0187,4.998,-4.1053,0,0
5.45,-1.4992,0.0048958,1.4963,-0.21311,-1.123,0.84585,2.3609,-0.21139,0.042543,2.1322,4.957,-4.1078,0,0
5.44,-1.4968,0.016283,1.4879,-0.23648,-1.1203,0.84524,2.339,-0.26067,0.08367,2.2415,4.9145,-4.1076,0,0
5.43,-1.4944,0.027472,1.4795,-0.25976,-1.1174,0.8442,2.3161,-0.3096,0.12473,2.3475,4.8705,-4.105,0,0
5.42,-1.4917,0.038629,1.471,-0.2828,-1.1141,0.84274,2.2921,-0.35808,0.16576,2.4497,4.8251,-4.0998,0,0
5.41,-1.4887,0.049751,1.4626,-0.3056,-1.1102,0.84088,2.2671,-0.4061,0.20672,2.5482,4.7782,-4.0922,0,0
5.4,-1.4855,0.060833,1.4542,-0.32814,-1.1059,0.83861,2.2411,-0.45364,0.2476,2.6429,4.7299,-4.0821,0,0
5.39,-1.4821,0.071868,1.4458,-0.35041,-1.1012,0.83593,2.2143,-0.50069,0.28836,2.7341,4.6802,-4.0696,0,0
5.38,-1.4785,0.082854,1.4375,-0.37242,-1.0959,0.83284,2.1865,-0.54724,0.32898,2.8216,4.6292,-4.0547,0,0
5.37,-1.4747,0.093785,1.4292,-0.39414,-1.0902,0.82935,2.1578,-0.59327,0.36944,2.9055,4.5768,-4.0373,0,0
5.36,-1.4707,0.10466,1.4209,-0.41557,-1.0841,0.82545,2.1284,-0.63877,0.40972,2.986,4.523,-4.0177,0,0
5.35,-1.4664,0.11547,1.4127,-0.43671,-1.0775,0.82116,2.0981,-0.68372,0.44979,3.0629,4.468,-3.9957,0,0
5.34,-1.4619,0.1262,1.4045,-0.45753,-1.0704,0.81646,2.0671,-0.72812,0.48963,3.1364,4.4117,-3.9715,0,0
5.33,-1.4572,0.13687,1.3963,-0.47805,-1.0629,0.81136,2.0354,-0.77195,0.52921,3.2065,4.3541,-3.9449,0,0
5.32,-1.4524,0.14746,1.3882,-0.49824,-1.055,0.80588,2.003,-0.8152,0.56852,3.2732,4.2952,-3.9162,0,0
5.31,-1.4473,0.15797,1.3802,-0.5181,-1.0466,0.8,1.97,-0.85785,0.60753,3.3366,4.2351,-3.8853,0,0
5.3,-1.442,0.16839,1.3722,-0.53764,-1.0378,0.79373,1.9363,-0.8999,0.64622,3.3967,4.1738,-3.8521,0,0
5.29,-1.4365,0.17872,1.3643,-0.55683,-1.0286,0.78707,1.902,-0.94133,0.68456,3.4535,4.1113,-3.8169,0,0
5.28,-1.4309,0.18896,1.3565,-0.57568,-1.019,0.78004,1.8672,-0.98212,0.72255,3.5071,4.0477,-3.7795,0,0
5.27,-1.425,0.1991,1.3487,-0.59417,-1.009,0.77262,1.8319,-1.0223,0.76015,3.5575,3.9828,-3.7401,0,0
5.26,-1.419,0.20914,1.3411,-0.61231,-0.99853,0.76483,1.7961,-1.0618,0.79734,3.6048,3.9169,-3.6985,0,0
5.25,-1.4128,0.21907,1.3335,-0.63009,-0.98772,0.75668,1.7598,-1.1006,0.83411,3.649,3.8498,-3.655,0,0
5.24,-1.4064,0.22889,1.3259,-0.64751,-0.97652,0.74815,1.7231,-1.1388,0.87043,3.6901,3.7816,-3.6095,0,0
5.23,-1.3998,0.2386,1.3185,-0.66455,-0.96495,0.73927,1.686,-1.1762,0.90629,3.7282,3.7123,-3.5619,0,0
5.22,-1.3931,0.24819,1.3111,-0.68123,-0.953,0.73003,1.6486,-1.213,0.94167,3.7633,3.642,-3.5125,0,0
5.21,-1.3862,0.25766,1.3039,-0.69752,-0.94069,0.72044,1.6108,-1.2491,0.97654,3.7954,3.5706,-3.4611,0,0
5.2,-1.3791,0.267,1.2967,-0.71344,-0.92802,0.7105,1.5727,-1.2844,1.0109,3.8246,3.4982,-3.4078,0,0
5.19,-1.3719,0.27622,1.2897,-0.72898,-0.915,0.70022,1.5343,-1.319,1.0447,3.851,3.4248,-3.3526,0,0
5.18,-1.3646,0.2853,1.2827,-0.74413,-0.90164,0.68961,1.4957,-1.3529,1.0779,3.8744,3.3504,-3.2956,0,0
5.17,-1.357,0.29425,1.2759,-0.75889,-0.88795,0.67867,1.4568,-1.386,1.1106,3.8951,3.275,-3.2368,0,0
5.16,-1.3494,0.30306,1.2692,-0.77326,-0.87392,0.6674,1.4178,-1.4184,1.1427,3.913,3.1986,-3.1762,0,0
5.15,-1.3416,0.31173,1.2625,-0.78724,-0.85958,0.65581,1.3786,-1.45,1.1741,3.9281,3.1213,-3.1138,0,0
5.14,-1.3336,0.32025,1.256,-0.80083,-0.84493,0.64392,1.3392,-1.4808,1.2049,3.9405,3.0431,-3.0497,0,0
5.13,-1.3256,0.32863,1.2497,-0.81403,-0.82997,0.63172,1.2998,-1.5109,1.2351,3.9503,2.964,-2.9839,0,0
5.12,-1.3174,0.33685,1.2434,-0.82683,-0.81471,0.61922,1.2602,-1.5401,1.2646,3.9574,2.8839,-2.9164,0,0
5.11,-1.309,0.34492,1.2373,-0.83923,-0.79917,0.60643,1.2206,-1.5685,1.2934,3.9619,2.803,-2.8473,0,0
5.1,-1.3006,0.35283,1.2313,-0.85124,-0.78334,0.59335,1.181,-1.5962,1.3215,3.9638,2.7213,-2.7765,0,0
5.09,-1.292,0.36058,1.2254,-0.86285,-0.76725,0.58,1.1413,-1.623,1.3489,3.9632,2.6387,-2.7041,0,0
5.08,-1.2833,0.36818,1.2197,-0.87407,-0.75089,0.56638,1.1017,-1.6489,1.3756,3.9601,2.5552,-2.6301,0,0
5.07,-1.2745,0.3756,1.2141,-0.88489,-0.73427,0.55249,1.0622,-1.6741,1.4015,3.9545,2.471,-2.5545,0,0
5.06,-1.2656,0.38286,1.2086,-0.89531,-0.71741,0.53835,1.0226,-1.6984,1.4267,3.9465,2.386,-2.4774,0,0
5.05,-1.2566,0.38995,1.2033,-0.90534,-0.70031,0.52396,0.98323,-1.7218,1.4511,3.936,2.3001,-2.3988,0,0
5.04,-1.2475,0.39687,1.1982,-0.91497,-0.68298,0.50933,0.94394,-1.7444,1.4747,3.9232,2.2136,-2.3187,0,0
5.03,-1.2383,0.40361,1.1931,-0.92422,-0.66542,0.49447,0.90478,-1.7661,1.4975,3.9081,2.1262,-2.2372,0,0
5.02,-1.229,0.41017,1.1883,-0.93307,-0.64766,0.47938,0.86578,-1.7869,1.5194,3.8906,2.0382,-2.1542,0,0
5.01,-1.2197,0.41656,1.1836,-0.94153,-0.62969,0.46408,0.82697,-1.8068,1.5405,3.8709,1.9494,-2.0697,0,0
5,-1.2102,0.42277,1.179,-0.94961,-0.61152,0.44858,0.78837,-1.8259,1.5608,3.8489,1.8599,-1.9839,0,0
4.99,-1.2007,0.42879,1.1746,-0.9573,-0.59317,0.43287,0.75,-1.844,1.5802,3.8247,1.7698,-1.8967,0,0
4.98,-1.1911,0.43463,1.1703,-0.96461,-0.57465,0.41697,0.71189,-1.8613,1.5987,3.7983,1.6789,-1.8082,0,0
4.97,-1.1814,0.44028,1.1662,-0.97154,-0.55595,0.4009,0.67404,-1.8776,1.6164,3.7697,1.5875,-1.7184,0,0
4.96,-1.1716,0.44575,1.1623,-0.97809,-0.5371,0.38465,0.6365,-1.893,1.6331,3.7391,1.4953,-1.6272,0,0
4.95,-1.1618,0.45102,1.1585,-0.98427,-0.51809,0.36824,0.59927,-1.9075,1.6489,3.7063,1.4026,-1.5348,0,0
4.94,-1.152,0.45611,1.1549,-0.99008,-0.49895,0.35167,0.56238,-1.9211,1.6638,3.6715,1.3092,-1.4411,0,0
4.93,-1.142,0.461,1.1515,-0.99552,-0.47968,0.33497,0.52585,-1.9337,1.6777,3.6347,1.2153,-1.3462,0,0
4.92,-1.132,0.4657,1.1482,-1.0006,-0.46028,0.31812,0.48969,-1.9454,1.6907,3.5958,1.1207,-1.25,0,0
4.91,-1.122,0.47021,1.1452,-1.0053,-0.44077,0.30116,0.45394,-1.9561,1.7027,3.555,1.0256,-1.1527,0,0
4.9,-1.1119,0.47452,1.1422,-1.0097,-0.42116,0.28407,0.4186,-1.9659,1.7138,3.5122,0.92994,-1.0542,0,0
4.89,-1.1018,0.47863,1.1395,-1.0137,-0.40146,0.26688,0.3837,-1.9747,1.7238,3.4676,0.83374,-0.95456,0,0
4.88,-1.0917,0.48255,1.1369,-1.0174,-0.38167,0.2496,0.34925,-1.9825,1.7328,3.421,0.73701,-0.85379,0,0
4.87,-1.0815,0.48626,1.1345,-1.0207,-0.36181,0.23223,0.31528,-1.9894,1.7409,3.3726,0.63977,-0.75192,0,0
4.86,-1.0713,0.48978,1.1322,-1.0237,-0.34189,0.21479,0.28181,-1.9953,1.7479,3.3224,0.54203,-0.64897,0,0
4.85,-1.061,0.4931,1.1302,-1.0263,-0.32191,0.19728,0.24884,-2.0003,1.7538,3.2704,0.4438,-0.54495,0,0
4.84,-1.0507,0.49622,1.1283,-1.0286,-0.30188,0.17971,0.21641,-2.0042,1.7588,3.2166,0.34511,-0.4399,0,0
4.83,-1.0404,0.49914,1.1266,-1.0306,-0.28183,0.1621,0.18452,-2.0072,1.7626,3.161,0.24596,-0.33382,0,0
4.82,-1.0301,0.50186,1.1251,-1.0323,-0.26174,0.14446,0.15319,-2.0091,1.7654,3.1038,0.14636,-0.22674,0,0
4.81,-1.0198,0.50437,1.1237,-1.0337,-0.24165,0.1268,0.12245,-2.0101,1.7672,3.0448,0.046328,-0.11869,0,0
4.8,-1.0094,0.50669,1.1225,-1.0348,-0.22155,0.10912,0.0923,-2.01,1.7678,2.9842,-0.05412,-0.0096717,0,0
4.79,-0.99909,0.5088,1.1215,-1.0356,-0.20145,0.091446,0.062767,-2.009,1.7674,2.922,-0.15497,0.10028,0,0
4.78,-0.98873,0.51072,1.1207,-1.036,-0.18137,0.073779,0.033865,-2.0069,1.7658,2.8582,-0.25622,0.21115,0,0
4.77,-0.97837,0.51243,1.12,-1.0362,-0.16131,0.056133,0.0056089,-2.0039,1.7631,2.7928,-0.35785,0.32293,0,0
4.76,-0.96801,0.51395,1.1196,-1.0362,-0.1413,0.03852,-0.021985,-1.9998,1.7593,2.7258,-0.45984,0.43558,0,0
4.75,-0.95765,0.51526,1.1193,-1.0358,-0.12132,0.02095,-0.048903,-1.9947,1.7544,2.6574,-0.56219,0.54909,0,0
4.74,-0.94729,0.51637,1.1192,-1.0352,-0.10141,0.0034354,-0.075128,-1.9885,1.7484,2.5874,-0.66488,0.66344,0,0
4.73,-0.93695,0.51729,1.1192,-1.0343,-0.081555,-0.014013,-0.10065,-1.9814,1.7412,2.5159,-0.7679,0.77861,0,0
4.72,-0.92661,0.518,1.1194,-1.0332,-0.061781,-0.031384,-0.12544,-1.9732,1.7328,2.4431,-0.87123,0.89459,0,0
4.71,-0.91628,0.51852,1.1198,-1.0318,-0.042095,-0.048665,-0.1495,-1.964,1.7233,2.3688,-0.97488,1.0113,0,0
4.7,-0.90597,0.51885,1.1204,-1.0302,-0.022505,-0.065845,-0.17281,-1.9537,1.7126,2.2931,-1.0788,1.1289,0,0
4.69,-0.89568,0.51897,1.1211,-1.0283,-0.0030243,-0.082912,-0.19536,-1.9424,1.7007,2.216,-1.183,1.2471,0,0
4.68,-0.88541,0.51891,1.1221,-1.0263,0.016339,-0.099855,-0.21713,-1.93,1.6876,2.1376,-1.2875,1.3661,0,0
4.67,-0.87515,0.51865,1.1231,-1.024,0.035573,-0.11666,-0.23811,-1.9166,1.6734,2.0579,-1.3923,1.4859,0,0
4.66,-0.86493,0.5182,1.1244,-1.0215,0.054668,-0.13332,-0.25828,-1.9022,1.6579,1.9768,-1.4973,1.6063,0,0
4.65,-0.85473,0.51755,1.1258,-1.0188,0.073613,-0.14981,-0.27764,-1.8867,1.6412,1.8945,-1.6025,1.7273,0,0
4.64,-0.84455,0.51672,1.1274,-1.016,0.092398,-0.16614,-0.29617,-1.8701,1.6233,1.811,-1.708,1.8491,0,0
4.63,-0.83441,0.51571,1.1291,-1.0129,0.11101,-0.18228,-0.31385,-1.8525,1.6042,1.7263,-1.8136,1.9714,0,0
4.62,-0.82429,0.5145,1.131,-1.0097,0.12944,-0.19822,-0.33069,-1.8339,1.5839,1.6403,-1.9195,2.0944,0,0
4.61,-0.81421,0.51312,1.1331,-1.0063,0.14769,-0.21395,-0.34666,-1.8141,1.5624,1.5532,-2.0256,2.218,0,0
4.6,-0.80417,0.51155,1.1353,-1.0028,0.16572,-0.22946,-0.36175,-1.7933,1.5396,1.4649,-2.1318,2.3422,0,0
4.59,-0.79416,0.5098,1.1377,-0.99907,0.18355,-0.24474,-0.37595,-1.7715,1.5155,1.3755,-2.2382,2.4669,0,0
4.58,-0.78419,0.50788,1.1402,-0.99525,0.20115,-0.25977,-0.38925,-1.7486,1.4902,1.285,-2.3448,2.5922,0,0
4.57,-0.77425,0.50578,1.1429,-0.99129,0.21852,-0.27454,-0.40165,-1.7246,1.4637,1.1934,-2.4515,2.7181,0,0
4.56,-0.76436,0.50351,1.1457,-0.98722,0.23564,-0.28904,-0.41312,-1.6995,1.4358,1.1008,-2.5584,2.8444,0,0
4.55,-0.75451,0.50107,1.1487,-0.98303,0.2525,-0.30325,-0.42366,-1.6734,1.4068,1.0071,-2.6653,2.9713,0,0
4.54,-0.7447,0.49851,1.1517,-0.97874,0.26912,-0.31723,-0.43325,-1.6462,1.3763,0.91301,-2.7716,3.0977,0,0
4.53,-0.73493,0.49574,1.1549,-0.97436,0.28545,-0.33084,-0.44192,-1.618,1.3448,0.82115,-2.8733,3.2193,0,0
4.52,-0.72521,0.49281,1.1583,-0.9699,0.30148,-0.34412,-0.44969,-1.5888,1.312,0.7319,-2.9697,3.3355,0,0
4.51,-0.71554,0.48971,1.1618,-0.96537,0.31722,-0.35708,-0.45657,-1.5586,1.2781,0.64523,-3.0611,3.4463,0,0
4.5,-0.70591,0.48646,1.1654,-0.96077,0.33265,-0.36968,-0.4626,-1.5276,1.2431,0.56112,-3.1474,3.5519,0,0
4.49,-0.69632,0.48306,1.1692,-0.95612,0.34777,-0.38193,-0.4678,-1.4957,1.207,0.47951,-3.2288,3.6522,0,0
4.48,-0.68678,0.47951,1.173,-0.95142,0.36256,-0.39382,-0.4722,-1.463,1.17,0.40039,-3.3053,3.7474,0,0
4.47,-0.67729,0.47581,1.177,-0.94668,0.37703,-0.40533,-0.47582,-1.4296,1.1321,0.32372,-3.377,3.8376,0,0
4.46,-0.66785,0.47197,1.1812,-0.9419,0.39115,-0.41646,-0.47868,-1.3955,1.0933,0.24947,-3.4439,3.9227,0,0
4.45,-0.65846,0.46799,1.1854,-0.93711,0.40493,-0.42719,-0.48081,-1.3608,1.0537,0.1776,-3.5062,4.003,0,0
4.44,-0.64911,0.46387,1.1897,-0.93229,0.41836,-0.43753,-0.48224,-1.3254,1.0133,0.10807,-3.5638,4.0783,0,0
4.43,-0.63981,0.45962,1.1941,-0.92746,0.43144,-0.44746,-0.48298,-1.2895,0.97212,0.040873,-3.6169,4.1489,0,0
4.42,-0.63056,0.45524,1.1986,-0.92263,0.44415,-0.45697,-0.48306,-1.2531,0.9303,-0.024041,-3.6655,4.2147,0,0
4.41,-0.62136,0.45074,1.2033,-0.9178,0.4565,-0.46606,-0.48251,-1.2162,0.88784,-0.086699,-3.7097,4.2759,0,0
4.4,-0.6122,0.44611,1.208,-0.91298,0.46848,-0.47472,-0.48134,-1.1789,0.8448,-0.14713,-3.7496,4.3325,0,0
4.39,-0.6031,0.44137,1.2128,-0.90818,0.48008,-0.48296,-0.47957,-1.1412,0.80121,-0.20537,-3.7852,4.3845,0,0
4.38,-0.59404,0.43651,1.2176,-0.90339,0.4913,-0.49075,-0.47724,-1.1032,0.75712,-0.26145,-3.8165,4.4321,0,0
4.37,-0.58503,0.43155,1.2226,-0.89864,0.50214,-0.4981,-0.47435,-1.0649,0.71258,-0.31539,-3.8437,4.4753,0,0
4.36,-0.57607,0.42647,1.2276,-0.89391,0.5126,-0.505,-0.47094,-1.0263,0.66763,-0.36724,-3.8669,4.5142,0,0
4.35,-0.56715,0.4213,1.2327,-0.88922,0.52267,-0.51145,-0.46701,-0.98758,0.62231,-0.41701,-3.8859,4.5487,0,0
4.34,-0.55828,0.41602,1.2378,-0.88457,0.53235,-0.51744,-0.4626,-0.94864,0.57667,-0.46474,-3.9011,4.5791,0,0
4.33,-0.54946,0.41065,1.243,-0.87997,0.54164,-0.52298,-0.45773,-0.90957,0.53074,-0.51045,-3.9123,4.6053,0,0
4.32,-0.54068,0.40519,1.2483,-0.87542,0.55054,-0.52806,-0.4524,-0.87041,0.48458,-0.55419,-3.9197,4.6274,0,0
4.31,-0.53195,0.39964,1.2536,-0.87092,0.55905,-0.53267,-0.44665,-0.83119,0.43821,-0.59597,-3.9232,4.6455,0,0
4.3,-0.52326,0.39401,1.2589,-0.86649,0.56716,-0.53682,-0.44049,-0.79195,0.39168,-0.63583,-3.9231,4.6596,0,0
4.29,-0.51462,0.3883,1.2643,-0.86211,0.57489,-0.5405,-0.43394,-0.75274,0.34503,-0.67379,-3.9193,4.6698,0,0
4.28,-0.50602,0.38251,1.2697,-0.85781,0.58222,-0.54372,-0.42702,-0.71358,0.2983,-0.70988,-3.9119,4.6761,0,0
4.27,-0.49746,0.37666,1.2752,-0.85357,0.58916,-0.54647,-0.41975,-0.67451,0.25152,-0.74413,-3.901,4.6787,0,0
4.26,-0.48895,0.37073,1.2807,-0.84941,0.59571,-0.54875,-0.41214,-0.63557,0.20474,-0.77657,-3.8866,4.6775,0,0
4.25,-0.48048,0.36474,1.2862,-0.84533,0.60187,-0.55056,-0.40422,-0.59679,0.15798,-0.80723,-3.8687,4.6727,0,0
4.24,-0.47204,0.3587,1.2917,-0.84133,0.60764,-0.55191,-0.396,-0.55821,0.1113,-0.83613,-3.8475,4.6642,0,0
4.23,-0.46365,0.35259,1.2972,-0.83741,0.61303,-0.55279,-0.3875,-0.51985,0.064711,-0.86331,-3.823,4.6522,0,0
4.22,-0.45529,0.34644,1.3027,-0.83358,0.61804,-0.55321,-0.37874,-0.48176,0.018263,-0.88878,-3.7952,4.6367,0,0
4.21,-0.44698,0.34023,1.3083,-0.82984,0.62267,-0.55316,-0.36973,-0.44396,-0.028012,-0.91257,-3.7643,4.6178,0,0
4.2,-0.4387,0.33398,1.3138,-0.82619,0.62692,-0.55265,-0.3605,-0.40648,-0.074081,-0.93472,-3.7301,4.5955,0,0
4.19,-0.43045,0.32769,1.3193,-0.82263,0.6308,-0.55168,-0.35105,-0.36937,-0.11991,-0.95525,-3.6929,4.5698,0,0
4.18,-0.42224,0.32137,1.3248,-0.81917,0.63431,-0.55025,-0.3414,-0.33264,-0.16547,-0.97418,-3.6527,4.5409,0,0
4.17,-0.41407,0.31501,1.3303,-0.8158,0.63746,-0.54837,-0.33157,-0.29632,-0.21072,-0.99155,-3.6095,4.5087,0,0
4.16,-0.40593,0.30862,1.3358,-0.81254,0.64024,-0.54604,-0.32157,-0.26046,-0.25563,-1.0074,-3.5633,4.4734,0,0
4.15,-0.39782,0.30221,1.3412,-0.80937,0.64267,-0.54326,-0.31143,-0.22507,-0.30017,-1.0217,-3.5143,4.4349,0,0
4.14,-0.38974,0.29577,1.3466,-0.80631,0.64474,-0.54003,-0.30114,-0.19018,-0.34432,-1.0345,-3.4625,4.3934,0,0
4.13,-0.38169,0.28931,1.352,-0.80335,0.64647,-0.53637,-0.29074,-0.15583,-0.38803,-1.0458,-3.4079,4.3489,0,0
4.12,-0.37367,0.28284,1.3574,-0.80049,0.64786,-0.53227,-0.28023,-0.12203,-0.43129,-1.0557,-3.3505,4.3015,0,0
4.11,-0.36568,0.27636,1.3627,-0.79775,0.64891,-0.52775,-0.26963,-0.088823,-0.47405,-1.0642,-3.2906,4.2511,0,0
4.1,-0.35772,0.26986,1.3679,-0.7951,0.64964,-0.5228,-0.25895,-0.056228,-0.5163,-1.0713,-3.228,4.1979,0,0
4.09,-0.34978,0.26336,1.3731,-0.79257,0.65004,-0.51742,-0.24821,-0.024272,-0.558,-1.077,-3.1628,4.1419,0,0
4.08,-0.34187,0.25686,1.3783,-0.79014,0.65013,-0.51164,-0.23742,0.0070193,-0.59913,-1.0814,-3.0951,4.0831,0,0
4.07,-0.33398,0.25036,1.3834,-0.78782,0.6499,-0.50544,-0.22659,0.037622,-0.63965,-1.0844,-3.025,4.0217,0,0
4.06,-0.32611,0.24387,1.3884,-0.78561,0.64938,-0.49885,-0.21573,0.067511,-0.67955,-1.0862,-2.9525,3.9576,0,0
4.05,-0.31826,0.23738,1.3933,-0.7835,0.64855,-0.49185,-0.20487,0.096663,-0.7188,-1.0866,-2.8776,3.8909,0,0
4.04,-0.31044,0.2309,1.3982,-0.78151,0.64745,-0.48447,-0.194,0.12505,-0.75736,-1.0859,-2.8003,3.8216,0,0
4.03,-0.30263,0.22443,1.403,-0.77962,0.64606,-0.47671,-0.18315,0.15266,-0.79522,-1.0839,-2.7208,3.7499,0,0
4.02,-0.29485,0.21798,1.4077,-0.77785,0.64439,-0.46857,-0.17233,0.17946,-0.83235,-1.0807,-2.6391,3.6757,0,0
4.01,-0.28708,0.21154,1.4124,-0.77618,0.64247,-0.46006,-0.16155,0.20544,-0.86873,-1.0763,-2.5553,3.5991,0,0
4,-0.27932,0.20513,1.4169,-0.77462,0.64029,-0.4512,-0.15081,0.23056,-0.90432,-1.0707,-2.4692,3.5201,0,0
3.99,-0.27158,0.19874,1.4214,-0.77316,0.63786,-0.44198,-0.14014,0.25482,-0.93912,-1.064,-2.3812,3.4388,0,0
3.98,-0.26386,0.19237,1.4258,-0.77181,0.6352,-0.43242,-0.12953,0.27818,-0.97309,-1.0562,-2.291,3.3553,0,0
3.97,-0.25615,0.18603,1.4301,-0.77057,0.6323,-0.42252,-0.11901,0.30063,-1.0062,-1.0473,-2.1989,3.2696,0,0
3.96,-0.24845,0.17973,1.4342,-0.76943,0.62919,-0.4123,-0.10859,0.32215,-1.0385,-1.0373,-2.1049,3.1816,0,0
3.95,-0.24076,0.17345,1.4383,-0.7684,0.62586,-0.40176,-0.098272,0.34272,-1.0698,-1.0263,-2.0089,3.0916,0,0
3.94,-0.23308,0.16721,1.4423,-0.76747,0.62233,-0.3909,-0.088068,0.36232,-1.1003,-1.0142,-1.9111,2.9995,0,0
3.93,-0.22541,0.161,1.4461,-0.76664,0.61862,-0.37975,-0.07799,0.38094,-1.1298,-1.0012,-1.8115,2.9053,0,0
3.92,-0.21774,0.15484,1.4499,-0.76591,0.61472,-0.36831,-0.068048,0.39855,-1.1584,-0.98711,-1.7101,2.8092,0,0
3.91,-0.21009,0.14871,1.4535,-0.76527,0.61065,-0.35659,-0.058251,0.41513,-1.186,-0.97208,-1.607,2.711,0,0
3.9,-0.20244,0.14263,1.457,-0.76474,0.60642,-0.34459,-0.04861,0.43068,-1.2126,-0.95611,-1.5022,2.611,0,0
3.89,-0.19479,0.13658,1.4604,-0.7643,0.60204,-0.33234,-0.039132,0.44517,-1.2382,-0.9392,-1.3957,2.5092,0,0
3.88,-0.18715,0.13058,1.4636,-0.76396,0.59752,-0.31983,-0.029829,0.45859,-1.2628,-0.92139,-1.2877,2.4055,0,0
3.87,-0.17951,0.12463,1.4668,-0.7637,0.59287,-0.30709,-0.020708,0.47092,-1.2863,-0.90268,-1.1781,2.3,0,0
3.86,-0.17188,0.11873,1.4698,-0.76354,0.58811,-0.29411,-0.011778,0.48215,-1.3088,-0.88311,-1.0669,2.1928,0,0
3.85,-0.16424,0.11287,1.4727,-0.76347,0.58323,-0.28091,-0.0030482,0.49225,-1.3302,-0.86269,-0.95434,2.0839,0,0
3.84,-0.15661,0.10706,1.4754,-0.76348,0.57826,-0.26751,0.0054732,0.50123,-1.3505,-0.84144,-0.8403,1.9734,0,0
3.83,-0.14897,0.10131,1.478,-0.76358,0.57321,-0.25391,0.013778,0.50905,-1.3696,-0.81937,-0.72487,1.8612,0,0
3.82,-0.14134,0.095599,1.4805,-0.76376,0.56809,-0.24012,0.021858,0.51572,-1.3877,-0.79651,-0.60807,1.7475,0,0
3.81,-0.1337,0.089944,1.4828,-0.76401,0.5629,-0.22616,0.029706,0.52121,-1.4046,-0.77288,-0.48995,1.6322,0,0
3.8,-0.12606,0.084342,1.485,-0.76435,0.55767,-0.21203,0.037313,0.52551,-1.4203,-0.74849,-0.37055,1.5154,0,0
3.79,-0.11841,0.078791,1.487,-0.76476,0.5524,-0.19776,0.044673,0.52862,-1.4349,-0.72337,-0.2499,1.3972,0,0
3.78,-0.11076,0.073294,1.489,-0.76524,0.5471,-0.18334,0.051778,0.53051,-1.4483,-0.69752,-0.12805,1.2776,0,0
3.77,-0.10311,0.067849,1.4907,-0.76579,0.54179,-0.1688,0.058621,0.53118,-1.4604,-0.67097,-0.0050281,1.1566,0,0
3.76,-0.095445,0.062458,1.4923,-0.76641,0.53648,-0.15413,0.065195,0.53061,-1.4714,-0.64374,0.11913,1.0342,0,0
3.75,-0.087777,0.05712,1.4938,-0.7671,0.53118,-0.13937,0.071494,0.52879,-1.4811,-0.61584,0.24438,0.91057,0,0
3.74,-0.080103,0.051834,1.4951,-0.76784,0.52591,-0.12452,0.07751,0.52571,-1.4896,-0.58729,0.3707,0.78565,0,0
3.73,-0.07242,0.046601,1.4963,-0.76865,0.52067,-0.10958,0.083237,0.52137,-1.4968,-0.5581,0.49804,0.65951,0,0
3.72,-0.06473,0.041421,1.4973,-0.76951,0.51548,-0.094585,0.08867,0.51575,-1.5028,-0.52831,0.62637,0.53217,0,0
3.71,-0.05703,0.036291,1.4982,-0.77042,0.51036,-0.079533,0.093801,0.50884,-1.5075,-0.49791,0.75566,0.40367,0,0
3.7,-0.049321,0.031213,1.4989,-0.77138,0.50531,-0.06444,0.098626,0.50063,-1.5108,-0.46693,0.88587,0.27405,0,0
3.69,-0.041602,0.026185,1.4995,-0.77239,0.50035,-0.04932,0.10314,0.49112,-1.5129,-0.43538,1.017,0.14335,0,0
3.68,-0.033873,0.021206,1.4999,-0.77344,0.49549,-0.034186,0.10733,0.48029,-1.5137,-0.40328,1.1489,0.011592,0,0
3.67,-0.026133,0.016275,1.5001,-0.77453,0.49075,-0.01905,0.1112,0.46814,-1.5132,-0.37065,1.2817,-0.12118,0,0
3.66,-0.018382,0.01139,1.5003,-0.77566,0.48614,-0.0039267,0.11474,0.45466,-1.5113,-0.3375,1.4152,-0.25493,0,0
3.65,-0.01062,0.0065515,1.5002,-0.77683,0.48166,0.011171,0.11795,0.43983,-1.5081,-0.30384,1.5496,-0.38964,0,0
3.64,-0.0028457,0.0017566,1.5,-0.77802,0.47734,0.02623,0.12082,0.42366,-1.5035,-0.2697,1.6846,-0.52525,0,0
3.63,0.0049406,-0.0030088,1.4997,-0.77925,0.47317,0.041249,0.12334,0.40614,-1.4976,-0.23549,1.8183,-0.6608,0,0
3.62,0.012739,-0.0077206,1.4992,-0.78049,0.46921,0.056189,0.12553,0.38732,-1.4903,-0.20267,1.9436,-0.79282,0,0
3.61,0.020551,-0.012394,1.4986,-0.78176,0.46543,0.07105,0.1274,0.36729,-1.4817,-0.17133,2.0599,-0.92105,0,0
3.6,0.028374,-0.01703,1.4978,-0.78304,0.46186,0.085819,0.12897,0.34615,-1.4719,-0.14146,2.1674,-1.0456,0,0
3.59,0.036211,-0.021632,1.4969,-0.78434,0.45851,0.10048,0.13024,0.32398,-1.4608,-0.113,2.2662,-1.1664,0,0
3.58,0.044061,-0.026201,1.4958,-0.78564,0.45539,0.11503,0.13123,0.30085,-1.4486,-0.085949,2.3566,-1.2836,0,0
3.57,0.051924,-0.03074,1.4946,-0.78696,0.4525,0.12945,0.13196,0.27687,-1.4352,-0.060259,2.4387,-1.3973,0,0
3.56,0.0598,-0.035252,1.4932,-0.78828,0.44985,0.14373,0.13244,0.25211,-1.4206,-0.035906,2.5125,-1.5074,0,0
3.55,0.06769,-0.039738,1.4917,-0.78961,0.44746,0.15786,0.13268,0.22665,-1.405,-0.01286,2.5784,-1.6141,0,0
3.54,0.075593,-0.044202,1.4901,-0.79093,0.44532,0.17183,0.1327,0.20057,-1.3884,0.0089078,2.6364,-1.7174,0,0
3.53,0.083509,-0.048645,1.4883,-0.79226,0.44345,0.18562,0.13251,0.17395,-1.3707,0.029426,2.6867,-1.8173,0,0
3.52,0.091438,-0.053072,1.4863,-0.79358,0.44184,0.19924,0.13212,0.14686,-1.352,0.048724,2.7294,-1.914,0,0
3.51,0.09938,-0.057483,1.4843,-0.7949,0.44051,0.21266,0.13154,0.11938,-1.3324,0.066828,2.7648,-2.0074,0,0
3.5,0.10734,-0.061883,1.4821,-0.79621,0.43946,0.22588,0.13078,0.091587,-1.3119,0.083767,2.7928,-2.0976,0,0
3.49,0.1153,-0.066273,1.4798,-0.79752,0.43868,0.2389,0.12987,0.063548,-1.2905,0.099567,2.8138,-2.1846,0,0
3.48,0.12329,-0.070657,1.4773,-0.79881,0.43819,0.25169,0.1288,0.035335,-1.2682,0.11426,2.8277,-2.2685,0,0
3.47,0.13128,-0.075038,1.4747,-0.80009,0.43798,0.26426,0.12759,0.0070161,-1.2451,0.12786,2.8349,-2.3494,0,0
3.46,0.13929,-0.079418,1.472,-0.80136,0.43805,0.27659,0.12624,-0.02134,-1.2212,0.14041,2.8353,-2.4273,0,0
3.45,0.14731,-0.0838,1.4692,-0.80262,0.4384,0.28868,0.12478,-0.049668,-1.1966,0.15192,2.8292,-2.5023,0,0
3.44,0.15534,-0.088187,1.4663,-0.80386,0.43904,0.30052,0.12321,-0.077903,-1.1712,0.16243,2.8167,-2.5743,0,0
3.43,0.16338,-0.092581,1.4632,-0.80508,0.43996,0.3121,0.12154,-0.10598,-1.1451,0.17196,2.7979,-2.6435,0,0
3.42,0.17144,-0.096987,1.46,-0.80629,0.44116,0.32342,0.11977,-0.13384,-1.1183,0.18053,2.773,-2.7099,0,0
3.41,0.17951,-0.10141,1.4567,-0.80748,0.44264,0.33446,0.11793,-0.16142,-1.0909,0.18817,2.742,-2.7736,0,0
3.4,0.18759,-0.10584,1.4533,-0.80865,0.44439,0.34523,0.11601,-0.18866,-1.0629,0.1949,2.7052,-2.8345,0,0
3.39,0.19568,-0.11029,1.4498,-0.8098,0.44641,0.35572,0.11403,-0.2155,-1.0342,0.20075,2.6626,-2.8927,0,0
3.38,0.20379,-0.11477,1.4462,-0.81093,0.44869,0.36592,0.112,-0.24189,-1.005,0.20574,2.6144,-2.9484,0,0
3.37,0.2119,-0.11927,1.4425,-0.81204,0.45124,0.37582,0.10992,-0.26778,-0.97526,0.2099,2.5608,-3.0014,0,0
3.36,0.22003,-0.1238,1.4387,-0.81312,0.45405,0.38542,0.1078,-0.29309,-0.94499,0.21325,2.5017,-3.052,0,0
3.35,0.22816,-0.12835,1.4348,-0.81419,0.4571,0.39472,0.10566,-0.31779,-0.91423,0.2158,2.4375,-3.1,0,0
3.34,0.23631,-0.13294,1.4308,-0.81524,0.4604,0.4037,0.10349,-0.34182,-0.883,0.21759,2.3681,-3.1456,0,0
3.33,0.24447,-0.13756,1.4267,-0.81626,0.46394,0.41237,0.10131,-0.36514,-0.85133,0.21864,2.2937,-3.1888,0,0
3.32,0.25264,-0.14222,1.4226,-0.81726,0.4677,0.42073,0.09912,-0.38768,-0.81923,0.21896,2.2145,-3.2296,0,0
3.31,0.26081,-0.14691,1.4183,-0.81824,0.47169,0.42876,0.096932,-0.40941,-0.78674,0.21858,2.1305,-3.2681,0,0
3.3,0.269,-0.15165,1.414,-0.8192,0.47589,0.43646,0.094751,-0.43028,-0.75388,0.21752,2.0419,-3.3044,0,0
3.29,0.2772,-0.15643,1.4096,-0.82014,0.48029,0.44383,0.092584,-0.45023,-0.72066,0.21581,1.9488,-3.3384,0,0
3.28,0.2854,-0.16126,1.4051,-0.82105,0.48489,0.45087,0.090437,-0.46924,-0.68712,0.21346,1.8513,-3.3702,0,0
3.27,0.29362,-0.16613,1.4006,-0.82195,0.48967,0.45758,0.088317,-0.48725,-0.65327,0.21049,1.7495,-3.3999,0,0
3.26,0.30184,-0.17105,1.396,-0.82282,0.49463,0.46394,0.086229,-0.50421,-0.61913,0.20692,1.6435,-3.4275,0,0
3.25,0.31008,-0.17602,1.3913,-0.82367,0.49975,0.46996,0.08418,-0.5201,-0.58472,0.20278,1.5335,-3.453,0,0
3.24,0.31832,-0.18105,1.3866,-0.8245,0.50503,0.47563,0.082175,-0.53487,-0.55007,0.19808,1.4195,-3.4765,0,0
3.23,0.32657,-0.18613,1.3818,-0.82532,0.51045,0.48096,0.08022,-0.54848,-0.5152,0.19285,1.3017,-3.498,0,0
3.22,0.33482,-0.19126,1.3769,-0.82611,0.51599,0.48593,0.07832,-0.56089,-0.48012,0.1871,1.1801,-3.5175,0,0
3.21,0.34309,-0.19645,1.3721,-0.82688,0.52166,0.49056,0.07648,-0.57207,-0.44486,0.18084,1.055,-3.5352,0,0
3.2,0.35136,-0.20169,1.3671,-0.82764,0.52743,0.49483,0.074705,-0.58198,-0.40942,0.17411,0.92629,-3.5509,0,0
3.19,0.35964,-0.20699,1.3622,-0.82838,0.5333,0.49875,0.072999,-0.59058,-0.37384,0.16691,0.7942,-3.5648,0,0
3.18,0.36793,-0.21236,1.3572,-0.8291,0.53924,0.50231,0.071368,-0.59785,-0.33813,0.15927,0.65879,-3.577,0,0
3.17,0.37622,-0.21778,1.3521,-0.8298,0.54525,0.50551,0.069815,-0.60375,-0.30231,0.15121,0.52016,-3.5873,0,0
3.16,0.38452,-0.22326,1.347,-0.8305,0.55131,0.50835,0.068345,-0.60825,-0.26639,0.14273,0.37843,-3.596,0,0
3.15,0.39283,-0.22881,1.342,-0.83117,0.55741,0.51084,0.066962,-0.61131,-0.2304,0.13386,0.23369,-3.6029,0,0
3.14,0.40115,-0.23441,1.3368,-0.83184,0.56353,0.51296,0.065669,-0.61291,-0.19434,0.12462,0.08603,-3.6082,0,0
3.13,0.40947,-0.24008,1.3317,-0.83249,0.56966,0.51472,0.064471,-0.61302,-0.15824,0.11501,-0.064446,-3.6119,0,0
3.12,0.4178,-0.2458,1.3265,-0.83312,0.57579,0.51613,0.06337,-0.61161,-0.12211,0.10507,-0.21765,-3.614,0,0
3.11,0.42613,-0.25159,1.3214,-0.83375,0.58189,0.51717,0.062371,-0.60866,-0.085961,0.094799,-0.37347,-3.6146,0,0
3.1,0.43447,-0.25744,1.3162,-0.83437,0.58795,0.51785,0.061475,-0.60413,-0.049819,0.084218,-0.53184,-3.6136,0,0
3.09,0.44282,-0.26335,1.311,-0.83498,0.59397,0.51816,0.060687,-0.59801,-0.013694,0.073343,-0.69265,-3.6112,0,0
3.08,0.45117,-0.26932,1.3058,-0.83559,0.59991,0.51812,0.060009,-0.59027,0.0224,0.062188,-0.85581,-3.6073,0,0
3.07,0.45953,-0.27535,1.3007,-0.83618,0.60577,0.51771,0.059444,-0.58089,0.058447,0.050769,-1.0212,-3.602,0,0
3.06,0.4679,-0.28144,1.2955,-0.83678,0.61152,0.51695,0.058995,-0.56984,0.094435,0.0391,-1.1889,-3.5953,0,0
3.05,0.47627,-0.28758,1.2903,-0.83736,0.61716,0.51583,0.058663,-0.55711,0.13035,0.027197,-1.3586,-3.5873,0,0
3.04,0.48464,-0.29378,1.2852,-0.83795,0.62266,0.51434,0.058452,-0.54266,0.16618,0.015073,-1.5303,-3.5779,0,0
3.03,0.49302,-0.30003,1.28,-0.83853,0.628,0.5125,0.058362,-0.52649,0.2019,0.0027432,-1.7039,-3.5673,0,0
3.02,0.50141,-0.30634,1.2749,-0.83912,0.63318,0.51031,0.058397,-0.50858,0.23752,-0.0097796,-1.8794,-3.5554,0,0
3.01,0.50981,-0.31269,1.2698,-0.8397,0.63817,0.50775,0.058558,-0.4889,0.27301,-0.022481,-2.0566,-3.5423,0,0
3,0.51821,-0.3191,1.2648,-0.84029,0.64295,0.50485,0.058847,-0.46744,0.30836,-0.035349,-2.2355,-3.528,0,0
2.99,0.52661,-0.32555,1.2597,-0.84088,0.64751,0.50159,0.059266,-0.44419,0.34356,-0.048369,-2.416,-3.5126,0,0
2.98,0.53502,-0.33205,1.2547,-0.84147,0.65183,0.49798,0.059815,-0.41912,0.37861,-0.061529,-2.598,-3.496,0,0
2.97,0.54344,-0.33859,1.2498,-0.84208,0.65589,0.49401,0.060497,-0.39222,0.41348,-0.074816,-2.7815,-3.4783,0,0
2.96,0.55187,-0.34517,1.2449,-0.84268,0.65967,0.48971,0.061312,-0.36348,0.44817,-0.088218,-2.9663,-3.4595,0,0
2.95,0.5603,-0.35178,1.24,-0.8433,0.66315,0.48505,0.062262,-0.33289,0.48267,-0.10172,-3.1524,-3.4397,0,0
2.94,0.56873,-0.35843,1.2352,-0.84393,0.66632,0.48005,0.063347,-0.30043,0.51696,-0.11532,-3.3397,-3.4189,0,0
2.93,0.57717,-0.36511,1.2304,-0.84457,0.66915,0.47471,0.064568,-0.26609,0.55104,-0.12899,-3.5282,-3.397,0,0
2.92,0.58562,-0.37181,1.2257,-0.84522,0.67164,0.46903,0.065927,-0.22986,0.5849,-0.14274,-3.7177,-3.3743,0,0
2.91,0.59408,-0.37854,1.221,-0.84589,0.67375,0.46302,0.067423,-0.19173,0.61852,-0.15653,-3.9083,-3.3505,0,0
2.9,0.60254,-0.38528,1.2164,-0.84657,0.67546,0.45666,0.069058,-0.1517,0.6519,-0.17038,-4.0998,-3.3259,0,0
2.89,0.61101,-0.39205,1.2119,-0.84727,0.67677,0.44998,0.070831,-0.10974,0.68504,-0.18426,-4.2921,-3.3004,0,0
2.88,0.61949,-0.39882,1.2074,-0.84799,0.67765,0.44296,0.072743,-0.06585,0.71791,-0.19816,-4.4853,-3.2741,0,0
2.87,0.62797,-0.4056,1.203,-0.84873,0.67808,0.43562,0.074794,-0.020029,0.75052,-0.21208,-4.6791,-3.2469,0,0
2.86,0.63646,-0.41238,1.1987,-0.84948,0.67805,0.42795,0.076985,0.027734,0.78284,-0.226,-4.8737,-3.2189,0,0
2.85,0.64496,-0.41916,1.1945,-0.85027,0.67752,0.41997,0.079314,0.077446,0.81489,-0.23991,-5.0688,-3.1901,0,0
2.84,0.65347,-0.42593,1.1903,-0.85107,0.67649,0.41166,0.081783,0.12911,0.84664,-0.25381,-5.2645,-3.1606,0,0
2.83,0.66198,-0.43268,1.1862,-0.8519,0.67493,0.40303,0.08439,0.18274,0.8781,-0.26769,-5.4606,-3.1304,0,0
2.82,0.67051,-0.43942,1.1822,-0.85276,0.67283,0.3941,0.087136,0.23833,0.90925,-0.28153,-5.6572,-3.0994,0,0
2.81,0.67904,-0.44614,1.1783,-0.85365,0.67016,0.38485,0.090021,0.29588,0.94009,-0.29533,-5.8541,-3.0678,0,0
2.8,0.68758,-0.45283,1.1745,-0.85456,0.66691,0.3753,0.093043,0.35541,0.9706,-0.30907,-6.0513,-3.0355,0,0
2.79,0.69613,-0.45948,1.1708,-0.85551,0.66305,0.36544,0.096202,0.41691,1.0008,-0.32276,-6.2487,-3.0026,0,0
2.78,0.70469,-0.46608,1.1672,-0.85649,0.65856,0.35528,0.099498,0.48038,1.0307,-0.33637,-6.4464,-2.9691,0,0
2.77,0.71326,-0.47264,1.1637,-0.8575,0.65343,0.34483,0.10293,0.54584,1.0602,-0.34991,-6.6441,-2.935,0,0
2.76,0.72184,-0.47915,1.1603,-0.85854,0.64764,0.33408,0.1065,0.61327,1.0894,-0.36337,-6.842,-2.9003,0,0
2.75,0.73043,-0.4856,1.157,-0.85963,0.64116,0.32304,0.1102,0.68268,1.1182,-0.37673,-7.0398,-2.8651,0,0
2.74,0.73903,-0.49197,1.1539,-0.86075,0.63398,0.31172,0.11403,0.75406,1.1467,-0.38999,-7.2376,-2.8293,0,0
2.73,0.74764,-0.49827,1.1508,-0.86191,0.62607,0.30011,0.118,0.82743,1.1748,-0.40314,-7.4353,-2.7931,0,0
2.72,0.75627,-0.50449,1.1479,-0.86311,0.61742,0.28822,0.12209,0.90275,1.2025,-0.41481,-7.627,-2.7556,0,0
2.71,0.76491,-0.51062,1.1451,-0.86435,0.60801,0.27606,0.12627,0.97989,1.2299,-0.42145,-7.7976,-2.7148,0,0
2.7,0.77356,-0.51665,1.1424,-0.86564,0.59782,0.26363,0.1305,1.0586,1.2568,-0.42303,-7.9467,-2.6707,0,0
2.69,0.78222,-0.52257,1.1398,-0.86696,0.58683,0.25093,0.13472,1.1388,1.2833,-0.41971,-8.0748,-2.6234,0,0
2.68,0.7909,-0.52838,1.1373,-0.86833,0.57504,0.23796,0.13888,1.2201,1.3093,-0.41165,-8.1827,-2.573,0,0
2.67,0.79959,-0.53407,1.135,-0.86974,0.56243,0.22474,0.14294,1.3023,1.3347,-0.39899,-8.2707,-2.5196,0,0
2.66,0.80829,-0.53963,1.1328,-0.87119,0.54899,0.21127,0.14684,1.3854,1.3596,-0.38189,-8.3394,-2.4633,0,0
2.65,0.81701,-0.54505,1.1308,-0.87267,0.53472,0.19755,0.15056,1.4691,1.384,-0.36049,-8.3894,-2.4042,0,0
2.64,0.82574,-0.55032,1.1289,-0.8742,0.51961,0.18359,0.15404,1.5531,1.4077,-0.33495,-8.4212,-2.3423,0,0
2.63,0.83449,-0.55544,1.1271,-0.87575,0.50365,0.1694,0.15725,1.6374,1.4308,-0.3054,-8.4353,-2.2778,0,0
2.62,0.84326,-0.56039,1.1255,-0.87734,0.48686,0.15498,0.16014,1.7218,1.4533,-0.272,-8.4322,-2.2108,0,0
2.61,0.85204,-0.56517,1.124,-0.87896,0.46922,0.14034,0.16267,1.806,1.475,-0.23487,-8.4123,-2.1413,0,0
2.6,0.86084,-0.56977,1.1227,-0.88059,0.45074,0.12548,0.16482,1.89,1.4961,-0.19415,-8.3763,-2.0694,0,0
2.59,0.86965,-0.57418,1.1215,-0.88225,0.43142,0.11042,0.16654,1.9735,1.5164,-0.14998,-8.3245,-1.9952,0,0
2.58,0.87848,-0.5784,1.1205,-0.88392,0.41127,0.095156,0.16781,2.0564,1.536,-0.1025,-8.2574,-1.9189,0,0
2.57,0.88733,-0.58241,1.1196,-0.88561,0.39029,0.079702,0.16858,2.1386,1.5548,-0.051829,-8.1756,-1.8404,0,0
2.56,0.8962,-0.5862,1.1189,-0.88729,0.3685,0.064063,0.16884,2.2199,1.5728,0.0019031,-8.0795,-1.7599,0,0
2.55,0.90508,-0.58977,1.1183,-0.88898,0.3459,0.048249,0.16854,2.3001,1.59,0.058569,-7.9694,-1.6774,0,0
2.54,0.91398,-0.59312,1.1179,-0.89066,0.3225,0.032267,0.16766,2.3792,1.6063,0.11805,-7.846,-1.5931,0,0
2.53,0.92289,-0.59622,1.1177,-0.89233,0.29832,0.016125,0.16617,2.457,1.6218,0.18021,-7.7096,-1.5069,0,0
2.52,0.93182,-0.59908,1.1176,-0.89398,0.27337,-0.00016664,0.16404,2.5334,1.6364,0.24494,-7.5607,-1.4191,0,0
2.51,0.94077,-0.60169,1.1177,-0.89561,0.24766,-0.016601,0.16126,2.6082,1.6502,0.31213,-7.3996,-1.3296,0,0
2.5,0.94973,-0.60403,1.1179,-0.89721,0.22121,-0.033167,0.15779,2.6813,1.663,0.38166,-7.2269,-1.2385,0,0
2.49,0.95871,-0.60611,1.1184,-0.89876,0.19404,-0.049858,0.15362,2.7527,1.675,0.45341,-7.0429,-1.1459,0,0
2.48,0.96771,-0.60791,1.1189,-0.90028,0.16616,-0.066663,0.14872,2.8222,1.6859,0.52727,-6.848,-1.0519,0,0
2.47,0.97672,-0.60943,1.1197,-0.90174,0.1376,-0.083574,0.14307,2.8896,1.696,0.60313,-6.6426,-0.95652,0,0
2.46,0.98574,-0.61066,1.1206,-0.90313,0.10838,-0.10058,0.13665,2.955,1.7051,0.6809,-6.4272,-0.85987,0,0
2.45,0.99478,-0.61159,1.1217,-0.90447,0.078508,-0.11767,0.12944,3.0181,1.7132,0.76046,-6.2021,-0.762,0,0
2.44,1.0038,-0.61223,1.123,-0.90572,0.048021,-0.13484,0.12143,3.079,1.7203,0.84171,-5.9677,-0.66298,0,0
2.43,1.0129,-0.61255,1.1244,-0.90689,0.016937,-0.15208,0.1126,3.1374,1.7264,0.92455,-5.7244,-0.56287,0,0
2.42,1.022,-0.61256,1.126,-0.90797,-0.01472,-0.16937,0.10294,3.1934,1.7316,1.0089,-5.4725,-0.46175,0,0
2.41,1.0311,-0.61226,1.1278,-0.90895,-0.046924,-0.1867,0.092421,3.2469,1.7357,1.0946,-5.2125,-0.35967,0,0
2.4,1.0401,-0.61162,1.1297,-0.90982,-0.079648,-0.20408,0.081041,3.2977,1.7388,1.1816,-4.9446,-0.25669,0,0
2.39,1.0493,-0.61066,1.1319,-0.91057,-0.11287,-0.22147,0.068784,3.3457,1.7408,1.2699,-4.6692,-0.15288,0,0
2.38,1.0584,-0.60936,1.1342,-0.91119,-0.14655,-0.23889,0.05564,3.391,1.7418,1.3592,-4.3867,-0.048298,0,0
2.37,1.0675,-0.60773,1.1366,-0.91168,-0.18068,-0.25631,0.041596,3.4335,1.7418,1.4496,-4.0974,0.056997,0,0
2.36,1.0766,-0.60575,1.1393,-0.91202,-0.21521,-0.27372,0.026645,3.473,1.7407,1.5409,-3.8017,0.16295,0,0
2.35,1.0857,-0.60342,1.1421,-0.91221,-0.25013,-0.29112,0.010775,3.5095,1.7385,1.6331,-3.4998,0.2695,0,0
2.34,1.0948,-0.60075,1.1451,-0.91223,-0.28539,-0.30849,-0.0060199,3.5429,1.7353,1.726,-3.192,0.37659,0,0
2.33,1.104,-0.59771,1.1483,-0.91208,-0.32098,-0.32582,-0.023748,3.5733,1.731,1.8197,-2.8788,0.48417,0,0
2.32,1.1131,-0.59432,1.1516,-0.91175,-0.35685,-0.3431,-0.042416,3.6005,1.7256,1.9139,-2.5604,0.59218,0,0
2.31,1.1222,-0.59058,1.1552,-0.91123,-0.39298,-0.36033,-0.062029,3.6245,1.7191,2.0087,-2.2371,0.70058,0,0
2.3,1.1313,-0.58646,1.1588,-0.91051,-0.42933,-0.37748,-0.082592,3.6452,1.7116,2.104,-1.9092,0.80931,0,0
2.29,1.1404,-0.58199,1.1627,-0.90958,-0.46587,-0.39455,-0.10411,3.6626,1.7029,2.1996,-1.5769,0.91831,0,0
2.28,1.1495,-0.57715,1.1667,-0.90842,-0.50257,-0.41154,-0.12658,3.6767,1.6932,2.2955,-1.2407,1.0275,0,0
2.27,1.1586,-0.57194,1.1709,-0.90704,-0.53939,-0.42842,-0.15002,3.6874,1.6824,2.3917,-0.90069,1.137,0,0
2.26,1.1676,-0.56636,1.1753,-0.90542,-0.57631,-0.44518,-0.17442,3.6947,1.6705,2.4881,-0.55724,1.2465,0,0
2.25,1.1767,-0.56041,1.1798,-0.90355,-0.61328,-0.46182,-0.19978,3.6986,1.6575,2.5845,-0.21058,1.3562,0,0
2.24,1.1857,-0.55409,1.1845,-0.90142,-0.65027,-0.47833,-0.22611,3.6989,1.6433,2.681,0.13901,1.4658,0,0
2.23,1.1947,-0.54741,1.1894,-0.89902,-0.68724,-0.49468,-0.2534,3.6958,1.6281,2.7775,0.49128,1.5755,0,0
2.22,1.2037,-0.54035,1.1944,-0.89635,-0.72417,-0.51089,-0.28166,3.6891,1.6118,2.8739,0.84599,1.6852,0,0
2.21,1.2126,-0.53292,1.1996,-0.89339,-0.76101,-0.52692,-0.31088,3.6789,1.5944,2.9701,1.2029,1.7947,0,0
2.2,1.2215,-0.52513,1.205,-0.89013,-0.79774,-0.54277,-0.34106,3.665,1.5759,3.0662,1.5617,1.9041,0,0
2.19,1.2304,-0.51697,1.2105,-0.88656,-0.8343,-0.55843,-0.3722,3.6476,1.5564,3.162,1.9222,2.0134,0,0
2.18,1.2393,-0.50844,1.2161,-0.88268,-0.87068,-0.57389,-0.4043,3.6266,1.5357,3.2574,2.2842,2.1224,0,0
2.17,1.2481,-0.49956,1.2219,-0.87847,-0.90682,-0.58914,-0.43735,3.6019,1.5139,3.3525,2.6475,2.2312,0,0
2.16,1.2568,-0.49031,1.2279,-0.87393,-0.9427,-0.60417,-0.47135,3.5736,1.4911,3.4472,3.0118,2.3397,0,0
2.15,1.2656,-0.4807,1.234,-0.86904,-0.97828,-0.61896,-0.50629,3.5417,1.4671,3.5414,3.3769,2.4479,0,0
2.14,1.2742,-0.47074,1.2403,-0.8638,-1.0135,-0.63351,-0.54217,3.5061,1.4421,3.635,3.7426,2.5557,0,0
2.13,1.2828,-0.46043,1.2467,-0.8582,-1.0484,-0.6478,-0.57899,3.4668,1.416,3.7281,4.1087,2.6632,0,0
2.12,1.2914,-0.44978,1.2532,-0.85222,-1.0828,-0.66182,-0.61673,3.4239,1.3888,3.8206,4.475,2.7702,0,0
2.11,1.2999,-0.43878,1.2599,-0.84586,-1.1169,-0.67557,-0.6554,3.3773,1.3606,3.9124,4.8413,2.8767,0,0
2.1,1.3083,-0.42744,1.2668,-0.83911,-1.1504,-0.68903,-0.69498,3.3271,1.3313,4.0035,5.2074,2.9828,0,0
2.09,1.3167,-0.41577,1.2737,-0.83196,-1.1834,-0.70219,-0.73547,3.2732,1.3009,4.0939,5.5732,3.0883,0,0
2.08,1.3249,-0.40378,1.2808,-0.8244,-1.2158,-0.71505,-0.77686,3.2156,1.2695,4.1835,5.9384,3.1933,0,0
2.07,1.3331,-0.39146,1.288,-0.81642,-1.2477,-0.72758,-0.81913,3.1544,1.2371,4.2722,6.3028,3.2977,0,0
2.06,1.3413,-0.37882,1.2954,-0.80801,-1.2789,-0.73979,-0.8623,3.0896,1.2036,4.3601,6.6664,3.4015,0,0
2.05,1.3493,-0.36588,1.3028,-0.79917,-1.3095,-0.75165,-0.90633,3.0211,1.1691,4.4471,7.0289,3.5047,0,0
2.04,1.3573,-0.35264,1.3104,-0.78988,-1.3393,-0.76316,-0.95124,2.949,1.1335,4.5332,7.3902,3.6072,0,0
2.03,1.3651,-0.3391,1.3181,-0.78014,-1.3684,-0.77432,-0.99699,2.8733,1.0969,4.6183,7.7502,3.709,0,0
2.02,1.3729,-0.32527,1.3259,-0.76994,-1.3968,-0.7851,-1.0436,2.794,1.0593,4.7023,8.1086,3.81,0,0
2.01,1.3805,-0.31116,1.3338,-0.75927,-1.4243,-0.7955,-1.091,2.7111,1.0207,4.7854,8.4653,3.9104,0,0
2,1.388,-0.29679,1.3418,-0.74811,-1.451,-0.80551,-1.1393,2.6247,0.98111,4.8674,8.8201,4.01,0,0
1.99,1.3955,-0.28215,1.3499,-0.73648,-1.4768,-0.81512,-1.1884,2.5347,0.94051,4.9483,9.1731,4.1088,0,0
1.98,1.4028,-0.26725,1.3581,-0.72434,-1.5017,-0.82432,-1.2383,2.4413,0.89894,5.0281,9.5239,4.2067,0,0
1.97,1.4099,-0.25212,1.3664,-0.71171,-1.5256,-0.83309,-1.2889,2.3443,0.85638,5.1068,9.8725,4.3039,0,0
1.96,1.417,-0.23675,1.3747,-0.69856,-1.5485,-0.84144,-1.3404,2.2438,0.81286,5.1843,10.219,4.4002,0,0
1.95,1.4239,-0.22115,1.3832,-0.6849,-1.5705,-0.84935,-1.3926,2.1399,0.76838,5.2606,10.562,4.4956,0,0
1.94,1.4307,-0.20534,1.3917,-0.67071,-1.5913,-0.8568,-1.4456,2.0326,0.72295,5.3358,10.904,4.5901,0,0
1.93,1.4373,-0.18933,1.4003,-0.65598,-1.6111,-0.8638,-1.4993,1.9218,0.67658,5.4097,11.242,4.6837,0,0
1.92,1.4438,-0.17312,1.409,-0.64072,-1.6298,-0.87033,-1.5538,1.8077,0.62928,5.4823,11.578,4.7764,0,0
1.91,1.4501,-0.15674,1.4177,-0.6249,-1.6473,-0.87639,-1.609,1.6903,0.58106,5.5537,11.91,4.8682,0,0
1.9,1.4563,-0.14018,1.4265,-0.60854,-1.6636,-0.88195,-1.6649,1.5695,0.53192,5.6238,12.24,4.959,0,0
1.89,1.4623,-0.12347,1.4354,-0.59161,-1.6786,-0.88702,-1.7214,1.4455,0.48188,5.6926,12.567,5.0488,0,0
1.88,1.4681,-0.10661,1.4443,-0.57411,-1.6925,-0.89159,-1.7787,1.3182,0.43095,5.7601,12.89,5.1377,0,0
1.87,1.4738,-0.089624,1.4532,-0.55603,-1.705,-0.89564,-1.8366,1.1877,0.37913,5.8263,13.21,5.2255,0,0
1.86,1.4793,-0.072517,1.4622,-0.53737,-1.7162,-0.89917,-1.8952,1.054,0.32644,5.8911,13.527,5.3123,0,0
1.85,1.4845,-0.055304,1.4712,-0.51812,-1.7261,-0.90216,-1.9545,0.91719,0.27289,5.9546,13.84,5.3981,0,0
1.84,1.4896,-0.038,1.4802,-0.49828,-1.7345,-0.90462,-2.0143,0.77724,0.21848,6.0168,14.15,5.4828,0,0
1.83,1.4945,-0.020618,1.4893,-0.47783,-1.7416,-0.90653,-2.0748,0.63421,0.16324,6.0775,14.456,5.5665,0,0
1.82,1.4992,-0.0031731,1.4983,-0.45678,-1.7472,-0.90788,-2.1359,0.48814,0.10716,6.1369,14.758,5.6492,0,0
1.81,1.5036,0.014321,1.5074,-0.43511,-1.7513,-0.90867,-2.1975,0.33911,0.050269,6.1865,15.04,5.726,0,0
1.8,1.5079,0.031849,1.5165,-0.41283,-1.754,-0.90889,-2.2595,0.1875,-0.007313,6.2106,15.272,5.788,0,0
1.79,1.5119,0.049395,1.5256,-0.38992,-1.7551,-0.90852,-2.3216,0.033839,-0.065442,6.2099,15.453,5.8356,0,0
1.78,1.5157,0.066945,1.5347,-0.3664,-1.7546,-0.90758,-2.3836,-0.12141,-0.12398,6.1858,15.588,5.8694,0,0
1.77,1.5192,0.084483,1.5438,-0.34225,-1.7527,-0.90604,-2.4453,-0.27777,-0.18279,6.1394,15.678,5.89,0,0
1.76,1.5225,0.10199,1.5528,-0.31749,-1.7491,-0.90392,-2.5064,-0.43482,-0.24174,6.0719,15.724,5.898,0,0
1.75,1.5256,0.11946,1.5618,-0.29213,-1.744,-0.90121,-2.5666,-0.59212,-0.30071,5.9843,15.73,5.894,0,0
1.74,1.5284,0.13687,1.5708,-0.26616,-1.7372,-0.89791,-2.626,-0.74929,-0.35958,5.8778,15.696,5.8784,0,0
1.73,1.5309,0.1542,1.5798,-0.23961,-1.729,-0.89402,-2.6841,-0.90593,-0.41824,5.7534,15.626,5.852,0,0
1.72,1.5331,0.17144,1.5887,-0.21249,-1.7191,-0.88954,-2.741,-1.0617,-0.47658,5.6122,15.52,5.815,0,0
1.71,1.5351,0.18858,1.5976,-0.1848,-1.7077,-0.88449,-2.7963,-1.2162,-0.53451,5.4552,15.381,5.7682,0,0
1.7,1.5368,0.20559,1.6064,-0.15656,-1.6948,-0.87885,-2.85,-1.3692,-0.59192,5.2834,15.21,5.712,0,0
1.69,1.5383,0.22247,1.6152,-0.1278,-1.6804,-0.87265,-2.902,-1.5203,-0.64872,5.0977,15.01,5.6469,0,0
1.68,1.5394,0.23919,1.6238,-0.098531,-1.6644,-0.86588,-2.952,-1.6693,-0.70483,4.899,14.782,5.5733,0,0
1.67,1.5402,0.25575,1.6325,-0.06877,-1.647,-0.85856,-2.9999,-1.8159,-0.76016,4.6884,14.527,5.4918,0,0
1.66,1.5408,0.27213,1.641,-0.038541,-1.6281,-0.85068,-3.0457,-1.9598,-0.81464,4.4666,14.247,5.4028,0,0
1.65,1.541,0.28831,1.6495,-0.0078645,-1.6078,-0.84227,-3.0892,-2.1007,-0.86819,4.2345,13.944,5.3067,0,0
1.64,1.5409,0.30428,1.6579,0.023235,-1.5861,-0.83332,-3.1303,-2.2386,-0.92075,3.993,13.619,5.204,0,0
1.63,1.5405,0.32003,1.6661,0.054734,-1.563,-0.82385,-3.169,-2.3731,-0.97225,3.7428,13.275,5.0951,0,0
1.62,1.5398,0.33554,1.6743,0.086607,-1.5387,-0.81388,-3.2052,-2.504,-1.0226,3.4847,12.911,4.9804,0,0
1.61,1.5388,0.3508,1.6824,0.11883,-1.513,-0.80341,-3.2387,-2.6312,-1.0718,3.2196,12.53,4.8603,0,0
1.6,1.5374,0.36579,1.6904,0.15137,-1.486,-0.79245,-3.2695,-2.7546,-1.1198,2.9481,12.133,4.7352,0,0
1.59,1.5358,0.38051,1.6983,0.18421,-1.4579,-0.78101,-3.2976,-2.8738,-1.1665,2.671,11.722,4.6055,0,0
1.58,1.5338,0.39495,1.706,0.21732,-1.4286,-0.76912,-3.3229,-2.9889,-1.2119,2.3889,11.297,4.4716,0,0
1.57,1.5314,0.40908,1.7136,0.25066,-1.3981,-0.75678,-3.3454,-3.0997,-1.2559,2.1025,10.86,4.3337,0,0
1.56,1.5287,0.4229,1.7212,0.28421,-1.3666,-0.74401,-3.365,-3.2061,-1.2986,1.8124,10.412,4.1923,0,0
1.55,1.5257,0.43641,1.7285,0.31795,-1.334,-0.73081,-3.3816,-3.3079,-1.3398,1.5193,9.9542,4.0477,0,0
1.54,1.5224,0.44958,1.7358,0.35184,-1.3005,-0.71722,-3.3954,-3.4052,-1.3795,1.2238,9.488,3.9002,0,0
1.53,1.5187,0.46241,1.7429,0.38585,-1.2659,-0.70323,-3.4061,-3.4977,-1.4178,0.92639,9.0142,3.7501,0,0
1.52,1.5147,0.4749,1.7498,0.41995,-1.2305,-0.68886,-3.4139,-3.5854,-1.4545,0.62772,8.534,3.5978,0,0
1.51,1.5103,0.48702,1.7566,0.45411,-1.1942,-0.67414,-3.4187,-3.6683,-1.4897,0.32828,8.0483,3.4435,0,0
1.5,1.5056,0.49878,1.7633,0.48831,-1.1572,-0.65908,-3.4204,-3.7464,-1.5234,0.02859,7.5582,3.2875,0,0
1.49,1.5005,0.51016,1.7698,0.52251,-1.1193,-0.64368,-3.4192,-3.8195,-1.5555,-0.27085,7.0646,3.1301,0,0
1.48,1.4951,0.52116,1.7762,0.55669,-1.0808,-0.62797,-3.415,-3.8877,-1.586,-0.56958,6.5684,2.9716,0,0
1.47,1.4894,0.53178,1.7824,0.5908,-1.0416,-0.61197,-3.4078,-3.9509,-1.6149,-0.86712,6.0706,2.8121,0,0
1.46,1.4833,0.54199,1.7884,0.62483,-1.0018,-0.59568,-3.3977,-4.0091,-1.6422,-1.1631,5.5718,2.6521,0,0
1.45,1.4769,0.55181,1.7943,0.65875,-0.96143,-0.57913,-3.3846,-4.0623,-1.6679,-1.457,5.0731,2.4916,0,0
1.44,1.4701,0.56122,1.8,0.69252,-0.92056,-0.56232,-3.3686,-4.1105,-1.6921,-1.7485,4.575,2.331,0,0
1.43,1.4631,0.57022,1.8055,0.72611,-0.87924,-0.54529,-3.3496,-4.1538,-1.7146,-2.0372,4.0785,2.1705,0,0
1.42,1.4556,0.5788,1.8109,0.7595,-0.8375,-0.52804,-3.3278,-4.1921,-1.7355,-2.3227,3.5842,2.0102,0,0
1.41,1.4479,0.58697,1.8161,0.79266,-0.79541,-0.51059,-3.3032,-4.2255,-1.7548,-2.6048,3.0928,1.8504,0,0
1.4,1.4398,0.59471,1.8211,0.82555,-0.75301,-0.49295,-3.2757,-4.254,-1.7725,-2.883,2.6049,1.6913,0,0
1.39,1.4314,0.60203,1.826,0.85816,-0.71035,-0.47514,-3.2455,-4.2776,-1.7886,-3.1571,2.1211,1.533,0,0
1.38,1.4226,0.60892,1.8306,0.89046,-0.66748,-0.45718,-3.2126,-4.2964,-1.8031,-3.4268,1.6421,1.3758,0,0
1.37,1.4135,0.61538,1.8351,0.92241,-0.62444,-0.43908,-3.177,-4.3105,-1.8161,-3.6918,1.1685,1.2198,0,0
1.36,1.4042,0.62141,1.8394,0.95399,-0.58128,-0.42087,-3.1388,-4.3198,-1.8275,-3.9519,0.70068,1.0651,0,0
1.35,1.3945,0.627,1.8435,0.98517,-0.53806,-0.40254,-3.098,-4.3245,-1.8374,-4.2068,0.23923,0.91204,0,0
1.34,1.3845,0.63217,1.8475,1.0159,-0.49481,-0.38412,-3.0547,-4.3246,-1.8458,-4.4563,-0.21539,0.76061,0,0
1.33,1.3742,0.6369,1.8512,1.0463,-0.45158,-0.36563,-3.0089,-4.3202,-1.8526,-4.7001,-0.66272,0.611,0,0
1.32,1.3635,0.6412,1.8548,1.0761,-0.40842,-0.34707,-2.9607,-4.3114,-1.858,-4.9382,-1.1023,0.46334,0,0
1.31,1.3526,0.64507,1.8581,1.1055,-0.36537,-0.32847,-2.9101,-4.2982,-1.8619,-5.1703,-1.5339,0.31776,0,0
1.3,1.3414,0.64851,1.8613,1.1343,-0.32247,-0.30984,-2.8573,-4.2807,-1.8644,-5.3963,-1.9569,0.17438,0,0
1.29,1.3299,0.65152,1.8643,1.1626,-0.27977,-0.29119,-2.8022,-4.2591,-1.8654,-5.616,-2.3712,0.033299,0,0
1.28,1.3182,0.6541,1.8672,1.1903,-0.2373,-0.27254,-2.745,-4.2333,-1.865,-5.8293,-2.7763,-0.10537,0,0
1.27,1.3061,0.65626,1.8698,1.2175,-0.19511,-0.25389,-2.6857,-4.2036,-1.8633,-6.036,-3.172,-0.24153,0,0
1.26,1.2938,0.65801,1.8722,1.244,-0.15324,-0.23528,-2.6243,-4.1699,-1.8602,-6.2361,-3.558,-0.37509,0,0
1.25,1.2813,0.65933,1.8745,1.27,-0.11173,-0.21669,-2.561,-4.1325,-1.8558,-6.4295,-3.934,-0.50596,0,0
1.24,1.2684,0.66024,1.8766,1.2953,-0.070605,-0.19816,-2.4957,-4.0913,-1.8501,-6.616,-4.2999,-0.63408,0,0
1.23,1.2554,0.66074,1.8785,1.3199,-0.029913,-0.1797,-2.4287,-4.0465,-1.8431,-6.7957,-4.6554,-0.75936,0,0
1.22,1.242,0.66084,1.8802,1.3438,0.010314,-0.1613,-2.3599,-3.9982,-1.8349,-6.9685,-5.0004,-0.88175,0,0
1.21,1.2285,0.66054,1.8817,1.3671,0.05004,-0.143,-2.2893,-3.9465,-1.8255,-7.1343,-5.3347,-1.0012,0,0
1.2,1.2147,0.65984,1.883,1.3896,0.089233,-0.1248,-2.2172,-3.8916,-1.8149,-7.2931,-5.6582,-1.1176,0,0
1.19,1.2007,0.65876,1.8842,1.4114,0.12786,-0.10671,-2.1435,-3.8334,-1.8032,-7.4449,-5.9707,-1.231,0,0
1.18,1.1865,0.65729,1.8852,1.4325,0.16589,-0.088738,-2.0683,-3.7722,-1.7903,-7.5896,-6.2722,-1.3412,0,0
1.17,1.172,0.65544,1.886,1.4528,0.20329,-0.070904,-1.9917,-3.708,-1.7764,-7.7274,-6.5625,-1.4483,0,0
1.16,1.1574,0.65322,1.8866,1.4723,0.24004,-0.053214,-1.9138,-3.641,-1.7614,-7.8581,-6.8417,-1.5523,0,0
1.15,1.1426,0.65064,1.887,1.491,0.2761,-0.03568,-1.8346,-3.5712,-1.7453,-7.9819,-7.1097,-1.6531,0,0
1.14,1.1276,0.6477,1.8873,1.509,0.31146,-0.018311,-1.7542,-3.4988,-1.7283,-8.0987,-7.3665,-1.7506,0,0
1.13,1.1124,0.64442,1.8874,1.5261,0.34607,-0.001117,-1.6726,-3.4239,-1.7103,-8.2087,-7.6121,-1.845,0,0
1.12,1.0971,0.64078,1.8873,1.5424,0.37993,0.015893,-1.59,-3.3466,-1.6914,-8.3118,-7.8465,-1.9361,0,0
1.11,1.0816,0.63682,1.8871,1.5579,0.413,0.032708,-1.5064,-3.267,-1.6716,-8.4081,-8.0697,-2.0239,0,0
1.1,1.0659,0.63253,1.8867,1.5726,0.44526,0.049322,-1.4219,-3.1852,-1.651,-8.4977,-8.2818,-2.1085,0,0
1.09,1.0501,0.62792,1.8861,1.5864,0.47669,0.065725,-1.3365,-3.1014,-1.6295,-8.5807,-8.4829,-2.1899,0,0
1.08,1.0342,0.623,1.8853,1.5993,0.50728,0.081908,-1.2503,-3.0156,-1.6072,-8.6572,-8.673,-2.268,0,0
1.07,1.0182,0.61777,1.8845,1.6114,0.537,0.097865,-1.1634,-2.928,-1.5841,-8.7272,-8.8522,-2.343,0,0
1.06,1.002,0.61226,1.8834,1.6226,0.56583,0.11359,-1.0758,-2.8386,-1.5603,-8.7909,-9.0207,-2.4147,0,0
1.05,0.9857,0.60646,1.8822,1.6329,0.59377,0.12907,-0.98757,-2.7476,-1.5358,-8.8484,-9.1786,-2.4832,0,0
1.04,0.96933,0.60039,1.8808,1.6423,0.62078,0.1443,-0.89883,-2.6551,-1.5107,-8.8999,-9.326,-2.5486,0,0
1.03,0.95286,0.59405,1.8793,1.6509,0.64686,0.15928,-0.8096,-2.5611,-1.4849,-8.9453,-9.463,-2.6109,0,0
1.02,0.93631,0.58745,1.8776,1.6585,0.672,0.174,-0.71994,-2.4658,-1.4585,-8.9849,-9.5899,-2.67,0,0
1.01,0.91969,0.58061,1.8758,1.6653,0.69618,0.18845,-0.62992,-2.3694,-1.4315,-9.0189,-9.7068,-2.7262,0,0
1,0.90301,0.57353,1.8739,1.6711,0.71938,0.20263,-0.53958,-2.2717,-1.4039,-9.0473,-9.8139,-2.7792,0,0
0.99,0.88627,0.56623,1.8718,1.676,0.74161,0.21652,-0.44899,-2.1731,-1.3759,-9.0703,-9.9114,-2.8293,0,0
0.98,0.86949,0.5587,1.8695,1.6801,0.76284,0.23014,-0.35819,-2.0735,-1.3474,-9.088,-9.9995,-2.8765,0,0
0.97,0.85268,0.55097,1.8672,1.6832,0.78308,0.24347,-0.26725,-1.9732,-1.3184,-9.1007,-10.078,-2.9208,0,0
0.96,0.83583,0.54305,1.8647,1.6854,0.8023,0.25651,-0.1762,-1.872,-1.289,-9.1085,-10.148,-2.9623,0,0
0.95,0.81897,0.53493,1.862,1.6867,0.82051,0.26925,-0.085091,-1.7702,-1.2591,-9.1116,-10.21,-3.001,0,0
0.94,0.8021,0.52664,1.8593,1.6871,0.83771,0.28169,0.0060206,-1.6678,-1.2289,-9.1101,-10.263,-3.0369,0,0
0.93,0.78523,0.51818,1.8564,1.6866,0.85387,0.29383,0.097095,-1.565,-1.1984,-9.1042,-10.307,-3.0703,0,0
0.92,0.76837,0.50956,1.8534,1.6852,0.869,0.30566,0.18809,-1.4617,-1.1676,-9.0941,-10.344,-3.101,0,0
0.91,0.75153,0.5008,1.8503,1.6828,0.8831,0.31718,0.27896,-1.3581,-1.1364,-9.08,-10.373,-3.1292,0,0
0.9,0.73472,0.49191,1.8471,1.6796,0.89617,0.32838,0.36966,-1.2543,-1.105,-9.0577,-10.39,-3.1545,0,0
0.89,0.71794,0.48288,1.8437,1.6755,0.90819,0.33928,0.46007,-1.1504,-1.0733,-9.0215,-10.389,-3.1769,0,0
0.88,0.70121,0.47375,1.8403,1.6704,0.91917,0.34985,0.55005,-1.0466,-1.0414,-8.972,-10.37,-3.1963,0,0
0.87,0.68454,0.4645,1.8367,1.6645,0.92912,0.3601,0.63947,-0.94306,-1.0094,-8.9098,-10.335,-3.2132,0,0
0.86,0.66792,0.45517,1.8331,1.6576,0.93804,0.37004,0.72821,-0.83994,-0.97719,-8.8354,-10.285,-3.2277,0,0
0.85,0.65139,0.44575,1.8293,1.6499,0.94592,0.37965,0.81614,-0.7374,-0.94485,-8.7493,-10.22,-3.24,0,0
0.84,0.63493,0.43625,1.8255,1.6413,0.95279,0.38893,0.90316,-0.63558,-0.9124,-8.6522,-10.142,-3.2503,0,0
0.83,0.61856,0.42669,1.8215,1.6318,0.95864,0.39789,0.98915,-0.53461,-0.87985,-8.5443,-10.05,-3.2588,0,0
0.82,0.6023,0.41708,1.8175,1.6215,0.96348,0.40653,1.074,-0.43462,-0.84723,-8.4264,-9.946,-3.2656,0,0
0.81,0.58614,0.40743,1.8134,1.6104,0.96733,0.41484,1.1576,-0.33573,-0.81454,-8.2987,-9.8304,-3.271,0,0
0.8,0.57009,0.39774,1.8092,1.5984,0.9702,0.42282,1.24,-0.23805,-0.78181,-8.1618,-9.7038,-3.2751,0,0
0.79,0.55417,0.38803,1.805,1.5856,0.9721,0.43048,1.3208,-0.14169,-0.74905,-8.016,-9.5669,-3.2781,0,0
0.78,0.53838,0.3783,1.8006,1.572,0.97304,0.4378,1.4002,-0.046745,-0.71626,-7.8617,-9.4202,-3.28,0,0
0.77,0.52273,0.36857,1.7962,1.5576,0.97304,0.4448,1.4781,0.046685,-0.68345,-7.6993,-9.2643,-3.281,0,0
0.76,0.50723,0.35884,1.7917,1.5424,0.97211,0.45147,1.5542,0.13851,-0.65064,-7.5293,-9.0998,-3.2813,0,0
0.75,0.49189,0.34913,1.7872,1.5265,0.97027,0.45781,1.6286,0.22865,-0.61783,-7.3518,-8.9271,-3.2809,0,0
0.74,0.47671,0.33944,1.7826,1.5098,0.96754,0.46383,1.7012,0.31703,-0.58502,-7.1673,-8.7468,-3.2799,0,0
0.73,0.46169,0.32978,1.7779,1.4925,0.96394,0.46951,1.7719,0.40357,-0.55223,-6.9761,-8.5593,-3.2786,0,0
0.72,0.44686,0.32016,1.7732,1.4744,0.95948,0.47487,1.8407,0.48819,-0.51945,-6.7784,-8.365,-3.2768,0,0
0.71,0.43221,0.3106,1.7684,1.4557,0.95418,0.4799,1.9075,0.57084,-0.48669,-6.5746,-8.1643,-3.2748,0,0
0.7,0.41775,0.30108,1.7636,1.4363,0.94807,0.48461,1.9722,0.65146,-0.45396,-6.3649,-7.9576,-3.2727,0,0
0.69,0.40349,0.29164,1.7587,1.4162,0.94116,0.48898,2.0348,0.72998,-0.42124,-6.1496,-7.7454,-3.2704,0,0
0.68,0.38943,0.28226,1.7538,1.3956,0.93348,0.49303,2.0952,0.80635,-0.38855,-5.9289,-7.5278,-3.268,0,0
0.67,0.37558,0.27297,1.7489,1.3743,0.92504,0.49675,2.1533,0.88052,-0.35588,-5.7031,-7.3053,-3.2657,0,0
0.66,0.36194,0.26376,1.7439,1.3525,0.91587,0.50015,2.2092,0.95244,-0.32323,-5.4724,-7.078,-3.2634,0,0
0.65,0.34853,0.25465,1.7389,1.3302,0.906,0.50322,2.2628,1.0221,-0.29061,-5.237,-6.8465,-3.2613,0,0
0.64,0.33534,0.24565,1.7338,1.3073,0.89544,0.50596,2.3139,1.0894,-0.25801,-4.9971,-6.6107,-3.2592,0,0
0.63,0.32238,0.23675,1.7287,1.2839,0.88422,0.50838,2.3627,1.1543,-0.22543,-4.7529,-6.3711,-3.2574,0,0
0.62,0.30966,0.22796,1.7236,1.26,0.87236,0.51047,2.409,1.2168,-0.19286,-4.5046,-6.1279,-3.2558,0,0
0.61,0.29719,0.2193,1.7185,1.2357,0.85989,0.51224,2.4528,1.2768,-0.16031,-4.2525,-5.8812,-3.2544,0,0
0.6,0.28495,0.21077,1.7134,1.211,0.84684,0.51368,2.494,1.3344,-0.12777,-3.9966,-5.6313,-3.2533,0,0
0.59,0.27297,0.20237,1.7083,1.1858,0.83321,0.51479,2.5327,1.3894,-0.095243,-3.7371,-5.3784,-3.2524,0,0
0.58,0.26124,0.19411,1.7031,1.1603,0.81906,0.51558,2.5687,1.4419,-0.062722,-3.4743,-5.1226,-3.2519,0,0
0.57,0.24976,0.18599,1.6979,1.1345,0.80438,0.51605,2.6022,1.4919,-0.030205,-3.2082,-4.8642,-3.2516,0,0
0.56,0.23855,0.17802,1.6928,1.1083,0.78923,0.51618,2.6329,1.5392,0.0023112,-2.9391,-4.6032,-3.2516,0,0
0.55,0.2276,0.17021,1.6876,1.0818,0.77361,0.516,2.6609,1.5839,0.034829,-2.6671,-4.3399,-3.252,0,0
0.54,0.21691,0.16255,1.6825,1.0551,0.75756,0.51549,2.6862,1.626,0.067351,-2.3923,-4.0743,-3.2526,0,0
0.53,0.2065,0.15506,1.6773,1.0281,0.7411,0.51465,2.7088,1.6654,0.099882,-2.1149,-3.8067,-3.2535,0,0
0.52,0.19635,0.14773,1.6722,1.0009,0.72426,0.51349,2.7285,1.7021,0.13242,-1.8351,-3.5371,-3.2547,0,0
0.51,0.18648,0.14057,1.667,0.97355,0.70706,0.512,2.7455,1.7361,0.16498,-1.553,-3.2657,-3.2562,0,0
0.5,0.17688,0.13359,1.6619,0.94602,0.68954,0.51019,2.7596,1.7674,0.19755,-1.2687,-2.9926,-3.2579,0,0
0.49,0.16756,0.12678,1.6568,0.91836,0.67172,0.50805,2.7708,1.796,0.23014,-0.98248,-2.7179,-3.2598,0,0
0.48,0.15851,0.12015,1.6518,0.89061,0.65363,0.50559,2.7792,1.8218,0.26274,-0.69439,-2.4418,-3.262,0,0
0.47,0.14975,0.11371,1.6467,0.86279,0.6353,0.5028,2.7847,1.8448,0.29538,-0.40462,-2.1643,-3.2644,0,0
0.46,0.14126,0.10745,1.6417,0.83493,0.61675,0.49968,2.7873,1.8651,0.32803,-0.11333,-1.8856,-3.2669,0,0
0.45,0.13305,0.10138,1.6367,0.80705,0.59801,0.49624,2.787,1.8825,0.36072,0.17932,-1.6058,-3.2696,0,0
0.44,0.12512,0.09549,1.6318,0.7792,0.5791,0.49247,2.7837,1.8972,0.39343,0.47316,-1.3251,-3.2725,0,0
0.43,0.11746,0.089794,1.6269,0.75139,0.56007,0.48837,2.7775,1.909,0.42617,0.76801,-1.0435,-3.2754,0,0
0.42,0.11009,0.084289,1.622,0.72366,0.54093,0.48394,2.7684,1.9181,0.45893,1.0637,-0.76124,-3.2784,0,0
0.41,0.10299,0.078975,1.6172,0.69603,0.52172,0.47919,2.7562,1.9243,0.49173,1.3601,-0.47838,-3.2814,0,0
0.4,0.096167,0.073855,1.6124,0.66854,0.50246,0.47411,2.7412,1.9276,0.52456,1.6569,-0.1951,-3.2845,0,0
0.39,0.089619,0.068926,1.6077,0.64122,0.48318,0.4687,2.7231,1.9282,0.55742,1.954,0.088461,-3.2875,0,0
0.38,0.083342,0.064191,1.6031,0.61409,0.4639,0.46296,2.7021,1.9258,0.59031,2.2511,0.37214,-3.2905,0,0
0.37,0.077336,0.059648,1.5985,0.58719,0.44467,0.45689,2.6781,1.9207,0.62323,2.5481,0.65576,-3.2934,0,0
0.36,0.071598,0.055297,1.5939,0.56054,0.4255,0.45049,2.6511,1.9127,0.65618,2.8447,0.93915,-3.2963,0,0
0.35,0.066125,0.051138,1.5895,0.53417,0.40642,0.44377,2.6212,1.9019,0.68916,3.1407,1.2221,-3.299,0,0
0.34,0.060913,0.047168,1.5851,0.50812,0.38747,0.43671,2.5883,1.8883,0.72216,3.4358,1.5045,-3.3016,0,0
0.33,0.055961,0.043388,1.5807,0.48242,0.36867,0.42932,2.5525,1.8718,0.75519,3.7297,1.786,-3.304,0,0
0.32,0.051264,0.039795,1.5765,0.45708,0.35004,0.42161,2.5137,1.8526,0.78824,4.0223,2.0664,-3.3062,0,0
0.31,0.046818,0.036386,1.5723,0.43215,0.33163,0.41356,2.472,1.8305,0.82131,4.3132,2.3456,-3.3082,0,0
0.3,0.042619,0.033161,1.5682,0.40765,0.31344,0.40518,2.4275,1.8057,0.8544,4.6021,2.6231,-3.31,0,0
0.29,0.038663,0.030117,1.5642,0.38361,0.29552,0.39647,2.38,1.7781,0.88751,4.8887,2.8989,-3.3115,0,0
0.28,0.034945,0.02725,1.5603,0.36006,0.27789,0.38743,2.3297,1.7477,0.92063,5.1727,3.1724,-3.3127,0,0
0.27,0.03146,0.024558,1.5565,0.33703,0.26058,0.37806,2.2766,1.7146,0.95376,5.4538,3.4436,-3.3137,0,0
0.26,0.028203,0.022037,1.5527,0.31454,0.24361,0.36836,2.2206,1.6788,0.9869,5.7315,3.7119,-3.3144,0,0
0.25,0.025168,0.019684,1.5491,0.29263,0.22701,0.35832,2.1619,1.6404,1.0201,6.0055,3.977,-3.3148,0,0
0.24,0.022349,0.017496,1.5456,0.27131,0.21081,0.34795,2.1005,1.5993,1.0532,6.2754,4.2387,-3.3149,0,0
0.23,0.019739,0.015467,1.5421,0.25062,0.19503,0.33726,2.0364,1.5556,1.0863,6.5408,4.4964,-3.3147,0,0
0.22,0.017334,0.013594,1.5388,0.23059,0.1797,0.32623,1.9697,1.5094,1.1195,6.8012,4.7498,-3.3143,0,0
0.21,0.015125,0.011871,1.5356,0.21124,0.16485,0.31487,1.9004,1.4607,1.1526,7.0563,4.9983,-3.3135,0,0
0.2,0.013107,0.010295,1.5325,0.19259,0.1505,0.30318,1.8286,1.4094,1.1858,7.3055,5.2416,-3.3125,0,0
0.19,0.011271,0.0088595,1.5295,0.17467,0.13667,0.29115,1.7543,1.3558,1.2189,7.5483,5.4791,-3.3112,0,0
0.18,0.0096108,0.0075597,1.5267,0.15751,0.12339,0.2788,1.6777,1.2999,1.252,7.7843,5.7103,-3.3097,0,0
0.17,0.0081182,0.0063898,1.524,0.14113,0.11068,0.26611,1.5987,1.2417,1.2851,8.0129,5.9346,-3.308,0,0
0.16,0.0067856,0.0053441,1.5214,0.12554,0.098564,0.2531,1.5174,1.1812,1.3181,8.2335,6.1514,-3.3061,0,0
0.15,0.0056046,0.0044165,1.5189,0.11079,0.087062,0.23975,1.434,1.1187,1.3512,8.4455,6.3602,-3.3041,0,0
0.14,0.004567,0.0036007,1.5166,0.096871,0.076197,0.22607,1.3486,1.054,1.3842,8.6484,6.5602,-3.302,0,0
0.13,0.0036643,0.0028904,1.5144,0.083821,0.065988,0.21206,1.2611,0.98748,1.4172,8.8415,6.7508,-3.2998,0,0
0.12,0.0028877,0.0022787,1.5123,0.071655,0.056454,0.19773,1.1718,0.91906,1.4502,9.0241,6.9313,-3.2976,0,0
0.11,0.0022282,0.001759,1.5104,0.060391,0.047613,0.18306,1.0807,0.84889,1.4832,9.1956,7.1009,-3.2955,0,0
0.1,0.0016768,0.0013241,1.5087,0.050047,0.039481,0.16806,0.9879,0.77708,1.5161,9.3553,7.2588,-3.2935,0,0
0.09,0.0012241,0.00096692,1.5071,0.040638,0.032076,0.15274,0.8936,0.70376,1.5491,9.5023,7.4042,-3.2917,0,0
0.08,0.00086084,0.00068011,1.5056,0.03218,0.025411,0.13708,0.7979,0.62904,1.582,9.636,7.5362,-3.2901,0,0
0.07,0.00057733,0.00045619,1.5043,0.024685,0.019499,0.1211,0.70093,0.55308,1.6149,9.7556,7.654,-3.2889,0,0
0.06,0.0003639,0.00028757,1.5032,0.018165,0.014353,0.10479,0.60284,0.47602,1.6477,9.8602,7.7565,-3.2882,0,0
0.05,0.00021074,0.00016655,1.5022,0.012631,0.0099821,0.088144,0.50378,0.39801,1.6806,9.9489,7.8428,-3.2881,0,0
0.04,0.00010796,8.5318e-05,1.5014,0.008092,0.0063955,0.071173,0.40392,0.31922,1.7135,10.021,7.9119,-3.2885,0,0
0.03,4.556e-05,3.6003e-05,1.5008,0.0045549,0.0035998,0.053874,0.30342,0.23983,1.7464,10.075,7.9627,-3.2898,0,0
0.02,1.3501e-05,1.0668e-05,1.5004,0.0020251,0.0016003,0.036245,0.20247,0.16003,1.7793,10.111,7.9941,-3.292,0,0
0.01,1.6876e-06,1.3331e-06,1.5001,0.0005063,0.00039998,0.018287,0.10127,0.080014,1.8122,10.127,8.005,-3.2951,0,0
0,0,0,1.5,0,0,0,0,0,1.8452,10.123,7.9941,-3.2995,0,0
