7.27,0.00060396,0.00056493,1.5,0.00037447,0.00036359,-9.0335e-08,-0.0453,-0.051772,-9.5059e-09,16.556,18.968,5.9042e-06,0,0
7.26,0.00059521,0.00055558,1.5,0.0016445,0.0018131,-8.9945e-08,-0.20764,-0.23648,-6.8317e-08,15.913,17.977,5.8556e-06,0,0
7.25,0.00056576,0.00052267,1.5,0.0045059,0.0050605,-8.897e-08,-0.3636,-0.41139,-1.2657e-07,15.281,17.008,5.7936e-06,0,0
7.24,0.0005,0.0004487,1.5,0.0088955,0.010009,-8.7416e-08,-0.51329,-0.5767,-1.8415e-07,14.66,16.058,5.7187e-06,0,0
7.23,0.00038297,0.00031714,1.5,0.014751,0.016563,-8.529e-08,-0.65682,-0.73262,-2.4091e-07,14.049,15.129,5.6315e-06,0,0
7.22,0.0002003,0.00011239,1.5,0.022012,0.024631,-8.2601e-08,-0.7943,-0.87935,-2.9674e-07,13.449,14.22,5.5323e-06,0,0
7.21,-6.1754e-05,-0.00018021,1.5,0.030617,0.03412,-7.9359e-08,-0.92584,-1.0171,-3.5152e-07,12.86,13.331,5.4218e-06,0,0
7.2,-0.00041634,-0.00057445,1.5,0.040509,0.044943,-7.5575e-08,-1.0515,-1.146,-4.0514e-07,12.281,12.461,5.3004e-06,0,0
7.19,-0.00087603,-0.0010832,1.5,0.051629,0.057012,-7.126e-08,-1.1715,-1.2664,-4.5749e-07,11.712,11.611,5.1685e-06,0,0
7.18,-0.0014528,-0.0017186,1.5,0.06392,0.070242,-6.6429e-08,-1.2858,-1.3783,-5.0847e-07,11.154,10.78,5.0268e-06,0,0
7.17,-0.0021581,-0.0024917,1.5,0.077327,0.084551,-6.1096e-08,-1.3946,-1.482,-5.5799e-07,10.606,9.969,4.8755e-06,0,0
7.16,-0.0030029,-0.0034129,1.5,0.091794,0.099857,-5.5275e-08,-1.498,-1.5778,-6.0595e-07,10.068,9.1768,4.7154e-06,0,0
7.15,-0.0039974,-0.0044919,1.5,0.10727,0.11608,-4.8982e-08,-1.596,-1.6656,-6.5227e-07,9.5407,8.4035,4.5467e-06,0,0
7.14,-0.0051514,-0.0057373,1.5,0.1237,0.13314,-4.2235e-08,-1.6888,-1.7459,-6.9686e-07,9.0231,7.6491,4.3699e-06,0,0
7.13,-0.0064743,-0.0071573,1.5,0.14103,0.15097,-3.5051e-08,-1.7765,-1.8187,-7.3965e-07,8.5155,6.9133,4.1856e-06,0,0
7.12,-0.0079748,-0.0087591,1.5,0.15921,0.16949,-2.7448e-08,-1.8592,-1.8842,-7.8055e-07,8.0177,6.196,3.9942e-06,0,0
7.11,-0.0096612,-0.010549,1.5,0.17819,0.18863,-1.9447e-08,-1.9369,-1.9427,-8.1951e-07,7.5297,5.497,3.7962e-06,0,0
7.1,-0.011541,-0.012534,1.5,0.19793,0.20832,-1.1065e-08,-2.0098,-1.9942,-8.5645e-07,7.0514,4.8163,3.5919e-06,0,0
7.09,-0.013622,-0.014717,1.5,0.21837,0.2285,-2.3244e-09,-2.0779,-2.0391,-8.9133e-07,6.5828,4.1537,3.3819e-06,0,0
7.08,-0.015911,-0.017105,1.5,0.23947,0.24908,6.7544e-09,-2.1415,-2.0773,-9.2407e-07,6.1238,3.509,3.1665e-06,0,0
7.07,-0.018414,-0.0197,1.5,0.26119,0.27002,1.615e-08,-2.2004,-2.1093,-9.5464e-07,5.6742,2.8821,2.9463e-06,0,0
7.06,-0.021137,-0.022506,1.5,0.28347,0.29125,2.584e-08,-2.255,-2.135,-9.8298e-07,5.2341,2.2728,2.7217e-06,0,0
7.05,-0.024085,-0.025526,1.5,0.30627,0.3127,3.5802e-08,-2.3052,-2.1548,-1.0091e-06,4.8033,1.681,2.493e-06,0,0
7.04,-0.027264,-0.028761,1.5,0.32956,0.33432,4.6013e-08,-2.3511,-2.1687,-1.0328e-06,4.3818,1.1065,2.2608e-06,0,0
7.03,-0.030677,-0.032213,1.5,0.35328,0.35606,5.6451e-08,-2.3928,-2.177,-1.0543e-06,3.9695,0.54926,2.0255e-06,0,0
7.02,-0.034331,-0.035882,1.5,0.3774,0.37785,6.7091e-08,-2.4305,-2.1798,-1.0733e-06,3.5663,0.0090689,1.7874e-06,0,0
7.01,-0.038227,-0.03977,1.5,0.40188,0.39964,7.7909e-08,-2.4642,-2.1772,-1.09e-06,3.1722,-0.5142,1.547e-06,0,0
7,-0.042369,-0.043875,1.5,0.42667,0.42137,8.8883e-08,-2.494,-2.1695,-1.1043e-06,2.787,-1.0207,1.3047e-06,0,0
6.99,-0.046761,-0.048197,1.5,0.45174,0.44301,9.9987e-08,-2.52,-2.1569,-1.1161e-06,2.4108,-1.5105,1.061e-06,0,0
6.98,-0.051405,-0.052734,1.5,0.47706,0.46449,1.112e-07,-2.5422,-2.1394,-1.1255e-06,2.0434,-1.9839,8.1618e-07,0,0
6.97,-0.056303,-0.057486,1.5,0.50258,0.48578,1.2249e-07,-2.5609,-2.1172,-1.1324e-06,1.6848,-2.4409,5.7069e-07,0,0
6.96,-0.061457,-0.062449,1.5,0.52826,0.50682,1.3384e-07,-2.5759,-2.0906,-1.1369e-06,1.3349,-2.8817,3.2495e-07,0,0
6.95,-0.066869,-0.067622,1.5,0.55408,0.52758,1.4522e-07,-2.5876,-2.0597,-1.1389e-06,0.99363,-3.3064,7.9329e-08,0,0
6.94,-0.072539,-0.073,1.5,0.58,0.548,1.5661e-07,-2.5958,-2.0245,-1.1385e-06,0.66091,-3.7151,-1.6576e-07,0,0
6.93,-0.078469,-0.07858,1.5,0.60599,0.56806,1.6798e-07,-2.6008,-1.9854,-1.1356e-06,0.33668,-4.108,-4.0995e-07,0,0
6.92,-0.084659,-0.08436,1.5,0.63201,0.5877,1.7931e-07,-2.6026,-1.9424,-1.1303e-06,0.020873,-4.4853,-6.5283e-07,0,0
6.91,-0.091109,-0.090333,1.5,0.65803,0.60689,1.9058e-07,-2.6013,-1.8958,-1.1226e-06,-0.28658,-4.847,-8.9403e-07,0,0
6.9,-0.097819,-0.096496,1.5,0.68402,0.6256,2.0175e-07,-2.5969,-1.8455,-1.1124e-06,-0.58576,-5.1933,-1.1332e-06,0,0
6.89,-0.10479,-0.10284,1.5,0.70996,0.64379,2.1282e-07,-2.5896,-1.7919,-1.0999e-06,-0.87672,-5.5244,-1.3699e-06,0,0
6.88,-0.11202,-0.10937,1.5,0.73581,0.66143,2.2374e-07,-2.5794,-1.7351,-1.085e-06,-1.1595,-5.8403,-1.6038e-06,0,0
6.87,-0.11951,-0.11607,1.5,0.76154,0.67849,2.3451e-07,-2.5664,-1.6752,-1.0678e-06,-1.4343,-6.1412,-1.8345e-06,0,0
6.86,-0.12725,-0.12294,1.5,0.78713,0.69493,2.4509e-07,-2.5507,-1.6123,-1.0483e-06,-1.701,-6.4273,-2.0617e-06,0,0
6.85,-0.13525,-0.12997,1.5,0.81254,0.71072,2.5547e-07,-2.5324,-1.5467,-1.0266e-06,-1.9598,-6.6986,-2.285e-06,0,0
6.84,-0.1435,-0.13715,1.5,0.83777,0.72585,2.6562e-07,-2.5116,-1.4784,-1.0027e-06,-2.2107,-6.9552,-2.504e-06,0,0
6.83,-0.152,-0.14448,1.5,0.86277,0.74028,2.7552e-07,-2.4882,-1.4076,-9.7655e-07,-2.4538,-7.1975,-2.7185e-06,0,0
6.82,-0.16075,-0.15195,1.5,0.88752,0.754,2.8514e-07,-2.4625,-1.3345,-9.4831e-07,-2.6892,-7.4253,-2.9279e-06,0,0
6.81,-0.16975,-0.15956,1.5,0.91201,0.76697,2.9448e-07,-2.4345,-1.2592,-9.1801e-07,-2.9169,-7.639,-3.1321e-06,0,0
6.8,-0.17899,-0.16729,1.5,0.93621,0.77917,3.035e-07,-2.4042,-1.1818,-8.8569e-07,-3.137,-7.8385,-3.3306e-06,0,0
6.79,-0.18847,-0.17514,1.5,0.96009,0.7906,3.1218e-07,-2.3718,-1.1025,-8.5141e-07,-3.3495,-8.0241,-3.5231e-06,0,0
6.78,-0.19819,-0.1831,1.5,0.98363,0.80122,3.2052e-07,-2.3372,-1.0213,-8.1525e-07,-3.5546,-8.1959,-3.7093e-06,0,0
6.77,-0.20815,-0.19116,1.5,1.0068,0.81102,3.2848e-07,-2.3007,-0.93858,-7.7725e-07,-3.7522,-8.354,-3.8888e-06,0,0
6.76,-0.21833,-0.19932,1.5,1.0296,0.81998,3.3606e-07,-2.2622,-0.85431,-7.3749e-07,-3.9425,-8.4984,-4.0614e-06,0,0
6.75,-0.22874,-0.20756,1.5,1.0521,0.8281,3.4323e-07,-2.2219,-0.76866,-6.9605e-07,-4.1255,-8.6295,-4.2266e-06,0,0
6.74,-0.23937,-0.21588,1.5,1.0741,0.83535,3.4997e-07,-2.1797,-0.68177,-6.5299e-07,-4.3013,-8.7472,-4.3842e-06,0,0
6.73,-0.25022,-0.22426,1.5,1.0957,0.84173,3.5628e-07,-2.1359,-0.59376,-6.0839e-07,-4.4699,-8.8516,-4.5338e-06,0,0
6.72,-0.26128,-0.23271,1.5,1.1168,0.84722,3.6213e-07,-2.0904,-0.50478,-5.6234e-07,-4.6315,-8.943,-4.6751e-06,0,0
6.71,-0.27255,-0.2412,1.5,1.1375,0.85182,3.6752e-07,-2.0433,-0.41494,-5.1492e-07,-4.786,-9.0215,-4.8079e-06,0,0
6.7,-0.28403,-0.24974,1.5,1.1576,0.85552,3.7243e-07,-1.9947,-0.32439,-4.6621e-07,-4.9335,-9.0871,-4.9317e-06,0,0
6.69,-0.2957,-0.25831,1.5,1.1773,0.85831,3.7684e-07,-1.9446,-0.23324,-4.1631e-07,-5.0742,-9.14,-5.0464e-06,0,0
6.68,-0.30757,-0.2669,1.5,1.1965,0.86018,3.8075e-07,-1.8932,-0.14163,-3.6532e-07,-5.208,-9.1803,-5.1515e-06,0,0
6.67,-0.31963,-0.27551,1.5,1.2152,0.86114,3.8415e-07,-1.8405,-0.049678,-3.1332e-07,-5.335,-9.2081,-5.2469e-06,0,0
6.66,-0.33187,-0.28412,1.5,1.2333,0.86118,3.8701e-07,-1.7865,0.042491,-2.6041e-07,-5.4553,-9.2236,-5.3321e-06,0,0
6.65,-0.3443,-0.29273,1.5,1.2509,0.86029,3.8935e-07,-1.7314,0.13475,-2.0671e-07,-5.5689,-9.2269,-5.407e-06,0,0
6.64,-0.35689,-0.30133,1.5,1.268,0.85848,3.9115e-07,-1.6752,0.22699,-1.5231e-07,-5.676,-9.218,-5.4711e-06,0,0
6.63,-0.36965,-0.3099,1.5,1.2844,0.85575,3.924e-07,-1.6179,0.31907,-9.7321e-08,-5.7765,-9.1972,-5.5243e-06,0,0
6.62,-0.38258,-0.31844,1.5,1.3003,0.8521,3.9309e-07,-1.5597,0.41089,-4.1859e-08,-5.8706,-9.1644,-5.5663e-06,0,0
6.61,-0.39566,-0.32694,1.5,1.3156,0.84753,3.9323e-07,-1.5005,0.50232,1.3965e-08,-5.9582,-9.12,-5.5967e-06,0,0
6.6,-0.40889,-0.33539,1.5,1.3303,0.84206,3.9281e-07,-1.4405,0.59325,7.0035e-08,-6.0395,-9.0638,-5.6152e-06,0,0
6.59,-0.42226,-0.34378,1.5,1.3444,0.83567,3.9183e-07,-1.3797,0.68356,1.2623e-07,-6.1144,-8.9962,-5.6218e-06,0,0
6.58,-0.43577,-0.3521,1.5,1.3579,0.82839,3.9029e-07,-1.3182,0.77314,1.8243e-07,-6.1832,-8.9171,-5.6159e-06,0,0
6.57,-0.44942,-0.36034,1.5,1.3708,0.82021,3.8818e-07,-1.2561,0.86187,2.3851e-07,-6.2458,-8.8268,-5.5974e-06,0,0
6.56,-0.46319,-0.3685,1.5,1.383,0.81115,3.8552e-07,-1.1934,0.94964,2.9433e-07,-6.3022,-8.7252,-5.5661e-06,0,0
6.55,-0.47708,-0.37656,1.5,1.3947,0.80122,3.823e-07,-1.1301,1.0363,3.4978e-07,-6.3526,-8.6126,-5.5216e-06,0,0
6.54,-0.49108,-0.38452,1.5,1.4056,0.79043,3.7852e-07,-1.0663,1.1219,4.0472e-07,-6.397,-8.4891,-5.4637e-06,0,0
6.53,-0.50519,-0.39237,1.5,1.416,0.77879,3.742e-07,-1.0022,1.2061,4.5901e-07,-6.4354,-8.3547,-5.3922e-06,0,0
6.52,-0.5194,-0.40009,1.5,1.4257,0.76631,3.6935e-07,-0.93763,1.2889,5.1252e-07,-6.468,-8.2096,-5.3067e-06,0,0
6.51,-0.5337,-0.40769,1.5,1.4347,0.75302,3.6396e-07,-0.87281,1.3702,5.651e-07,-6.4947,-8.0539,-5.2071e-06,0,0
6.5,-0.54809,-0.41515,1.5,1.4431,0.73891,3.5805e-07,-0.80775,1.45,6.1661e-07,-6.5157,-7.8876,-5.0931e-06,0,0
6.49,-0.56256,-0.42247,1.5,1.4509,0.72402,3.5163e-07,-0.74252,1.528,6.6691e-07,-6.531,-7.711,-4.9644e-06,0,0
6.48,-0.5771,-0.42963,1.5,1.458,0.70836,3.4471e-07,-0.67715,1.6041,7.1585e-07,-6.5406,-7.5241,-4.8209e-06,0,0
6.47,-0.59172,-0.43663,1.5,1.4644,0.69195,3.3732e-07,-0.61172,1.6784,7.6328e-07,-6.5446,-7.327,-4.6622e-06,0,0
6.46,-0.60639,-0.44346,1.5,1.4702,0.6748,3.2945e-07,-0.54628,1.7506,8.0904e-07,-6.543,-7.1198,-4.4882e-06,0,0
6.45,-0.62112,-0.45012,1.5,1.4754,0.65694,3.2114e-07,-0.48088,1.8208,8.5299e-07,-6.536,-6.9027,-4.2986e-06,0,0
6.44,-0.6359,-0.4566,1.5,1.4798,0.63839,3.124e-07,-0.41558,1.8887,8.9496e-07,-6.5235,-6.6758,-4.0933e-06,0,0
6.43,-0.65071,-0.46289,1.5,1.4837,0.61917,3.0325e-07,-0.35043,1.9542,9.348e-07,-6.5057,-6.4391,-3.8718e-06,0,0
6.42,-0.66557,-0.46898,1.5,1.4868,0.59931,2.9371e-07,-0.28548,2.0174,9.7235e-07,-6.4825,-6.1928,-3.6342e-06,0,0
6.41,-0.68045,-0.47487,1.5,1.4894,0.57883,2.8381e-07,-0.2208,2.0781,1.0074e-06,-6.4541,-5.9369,-3.3801e-06,0,0
6.4,-0.69535,-0.48056,1.5,1.4913,0.55776,2.7357e-07,-0.15642,2.1361,1.0399e-06,-6.4204,-5.6716,-3.1093e-06,0,0
6.39,-0.71027,-0.48603,1.5,1.4925,0.53612,2.6302e-07,-0.092405,2.1915,1.0696e-06,-6.3816,-5.397,-2.8216e-06,0,0
6.38,-0.7252,-0.49128,1.5,1.4931,0.51394,2.5219e-07,-0.028805,2.244,1.0963e-06,-6.3377,-5.1132,-2.5168e-06,0,0
6.37,-0.74013,-0.4963,1.5,1.4931,0.49125,2.4111e-07,0.034332,2.2937,1.1198e-06,-6.2887,-4.8203,-2.1947e-06,0,0
6.36,-0.75506,-0.5011,1.5,1.4924,0.46808,2.298e-07,0.096953,2.3404,1.1401e-06,-6.2347,-4.5183,-1.8552e-06,0,0
6.35,-0.77046,-0.50633,1.5,1.4908,0.44388,1.3397e-07,0.15879,2.3834,1.2461e-06,-6.1795,-4.2213,-1.5269e-06,0,0
6.34,-0.78536,-0.51065,1.5,1.4889,0.41984,1.2143e-07,0.2203,2.4241,1.2597e-06,-6.1226,-3.9285,-1.2088e-06,0,0
6.33,-0.80023,-0.51473,1.5,1.4864,0.3954,1.0878e-07,0.28124,2.462,1.2703e-06,-6.0646,-3.6411,-9.0331e-07,0,0
6.32,-0.81508,-0.51856,1.5,1.4833,0.37061,9.6039e-08,0.34159,2.497,1.2778e-06,-6.0054,-3.3593,-6.1013e-07,0,0
6.31,-0.8299,-0.52214,1.5,1.4796,0.34547,8.3235e-08,0.40135,2.5292,1.2825e-06,-5.9451,-3.0828,-3.2903e-07,0,0
6.3,-0.84467,-0.52547,1.5,1.4753,0.32003,7.0398e-08,0.46049,2.5586,1.2844e-06,-5.8836,-2.8117,-5.9798e-08,0,0
6.29,-0.8594,-0.52854,1.5,1.4704,0.29431,5.7555e-08,0.51901,2.5854,1.2837e-06,-5.8211,-2.5458,1.9781e-07,0,0
6.28,-0.87408,-0.53135,1.5,1.4649,0.26833,4.4732e-08,0.57691,2.6096,1.2805e-06,-5.7574,-2.2853,4.4401e-07,0,0
6.27,-0.8887,-0.53391,1.5,1.4588,0.24213,3.1952e-08,0.63416,2.6311,1.2749e-06,-5.6927,-2.0299,6.7902e-07,0,0
6.26,-0.90325,-0.53619,1.5,1.4522,0.21572,1.9241e-08,0.69076,2.6502,1.267e-06,-5.6269,-1.7798,9.0308e-07,0,0
6.25,-0.91774,-0.53822,1.5,1.445,0.18913,6.62e-09,0.74669,2.6668,1.2569e-06,-5.56,-1.5348,1.1164e-06,0,0
6.24,-0.93215,-0.53998,1.5,1.4373,0.16239,-5.8896e-09,0.80195,2.6809,1.2447e-06,-5.4921,-1.2948,1.3192e-06,0,0
6.23,-0.94648,-0.54147,1.5,1.429,0.13552,-1.8267e-08,0.85653,2.6927,1.2305e-06,-5.4232,-1.0599,1.5117e-06,0,0
6.22,-0.96073,-0.54269,1.5,1.4202,0.10854,-3.0494e-08,0.91041,2.7021,1.2145e-06,-5.3533,-0.83002,1.6941e-06,0,0
6.21,-0.97488,-0.54364,1.5,1.4108,0.081486,-4.2551e-08,0.96359,2.7093,1.1967e-06,-5.2823,-0.60509,1.8667e-06,0,0
6.2,-0.98894,-0.54432,1.5,1.4009,0.054366,-5.4422e-08,1.0161,2.7142,1.1772e-06,-5.2104,-0.38506,2.0296e-06,0,0
6.19,-1.0029,-0.54472,1.5,1.3905,0.027208,-6.609e-08,1.0678,2.717,1.1561e-06,-5.1375,-0.16992,2.183e-06,0,0
6.18,-1.0168,-0.54486,1.5,1.3795,3.3222e-05,-7.7539e-08,1.1188,2.7177,1.1336e-06,-5.0636,0.040403,2.3272e-06,0,0
6.17,-1.0305,-0.54472,1.5,1.3681,-0.027138,-8.8756e-08,1.1691,2.7162,1.1096e-06,-4.9888,0.24593,2.4624e-06,0,0
6.16,-1.0441,-0.54432,1.5,1.3562,-0.054284,-9.9727e-08,1.2186,2.7127,1.0843e-06,-4.9131,0.44672,2.5887e-06,0,0
6.15,-1.0576,-0.54364,1.5,1.3437,-0.081386,-1.1044e-07,1.2673,2.7073,1.0579e-06,-4.8364,0.6428,2.7064e-06,0,0
6.14,-1.071,-0.54269,1.5,1.3308,-0.10842,-1.2088e-07,1.3153,2.6999,1.0302e-06,-4.7588,0.83422,2.8157e-06,0,0
6.13,-1.0842,-0.54147,1.5,1.3174,-0.13538,-1.3104e-07,1.3625,2.6906,1.0016e-06,-4.6803,1.021,2.9168e-06,0,0
6.12,-1.0973,-0.53998,1.5,1.3036,-0.16223,-1.4091e-07,1.4089,2.6795,9.7194e-07,-4.601,1.2032,3.0099e-06,0,0
6.11,-1.1103,-0.53823,1.5,1.2892,-0.18896,-1.5048e-07,1.4545,2.6666,9.414e-07,-4.5207,1.3809,3.0951e-06,0,0
6.1,-1.1231,-0.5362,1.5,1.2745,-0.21556,-1.5973e-07,1.4993,2.6519,9.1006e-07,-4.4396,1.5541,3.1727e-06,0,0
6.09,-1.1358,-0.53392,1.5,1.2593,-0.24199,-1.6868e-07,1.5433,2.6355,8.7797e-07,-4.3577,1.7228,3.2429e-06,0,0
6.08,-1.1483,-0.53136,1.5,1.2436,-0.26826,-1.7729e-07,1.5865,2.6175,8.4523e-07,-4.2749,1.8871,3.3058e-06,0,0
6.07,-1.1607,-0.52855,1.5,1.2275,-0.29434,-1.8558e-07,1.6288,2.5978,8.1188e-07,-4.1913,2.047,3.3617e-06,0,0
6.06,-1.1728,-0.52548,1.5,1.211,-0.32021,-1.9353e-07,1.6703,2.5765,7.7801e-07,-4.1069,2.2026,3.4107e-06,0,0
6.05,-1.1849,-0.52215,1.5,1.1941,-0.34586,-2.0114e-07,1.7109,2.5537,7.4369e-07,-4.0217,2.3539,3.453e-06,0,0
6.04,-1.1967,-0.51856,1.5,1.1768,-0.37128,-2.084e-07,1.7507,2.5295,7.0898e-07,-3.9357,2.501,3.4889e-06,0,0
6.03,-1.2084,-0.51472,1.5,1.1591,-0.39645,-2.1531e-07,1.7896,2.5037,6.7393e-07,-3.849,2.6438,3.5184e-06,0,0
6.02,-1.2199,-0.51063,1.5,1.141,-0.42135,-2.2188e-07,1.8277,2.4766,6.3863e-07,-3.7614,2.7824,3.5419e-06,0,0
6.01,-1.2312,-0.5063,1.5,1.1226,-0.44598,-2.2809e-07,1.8649,2.4481,6.0312e-07,-3.6732,2.9169,3.5594e-06,0,0
6,-1.2424,-0.50172,1.5,1.1037,-0.47031,-2.3394e-07,1.9012,2.4183,5.6746e-07,-3.5841,3.0473,3.5711e-06,0,0
5.99,-1.2533,-0.49689,1.5,1.0845,-0.49434,-2.3944e-07,1.9366,2.3872,5.3171e-07,-3.4944,3.1737,3.5772e-06,0,0
5.98,-1.264,-0.49183,1.5,1.065,-0.51805,-2.4457e-07,1.971,2.3548,4.9593e-07,-3.4039,3.296,3.5779e-06,0,0
5.97,-1.2746,-0.48653,1.5,1.0451,-0.54143,-2.4935e-07,2.0046,2.3213,4.6017e-07,-3.3128,3.4143,3.5734e-06,0,0
5.96,-1.285,-0.481,1.5,1.0249,-0.56447,-2.5378e-07,2.0373,2.2865,4.2448e-07,-3.2209,3.5287,3.5639e-06,0,0
5.95,-1.2951,-0.47524,1.5,1.0044,-0.58716,-2.5784e-07,2.069,2.2507,3.8891e-07,-3.1284,3.6391,3.5494e-06,0,0
5.94,-1.305,-0.46926,1.5,0.98354,-0.60948,-2.6156e-07,2.0999,2.2138,3.5351e-07,-3.0352,3.7457,3.5303e-06,0,0
5.93,-1.3148,-0.46306,1.5,0.96239,-0.63143,-2.6492e-07,2.1297,2.1758,3.1832e-07,-2.9414,3.8485,3.5066e-06,0,0
5.92,-1.3243,-0.45663,1.5,0.94095,-0.65299,-2.6792e-07,2.1587,2.1368,2.8339e-07,-2.8469,3.9475,3.4785e-06,0,0
5.91,-1.3336,-0.45,1.5,0.91922,-0.67416,-2.7058e-07,2.1867,2.0969,2.4877e-07,-2.7517,4.0427,3.4461e-06,0,0
5.9,-1.3427,-0.44315,1.5,0.89722,-0.69493,-2.729e-07,2.2137,2.056,2.1448e-07,-2.656,4.1341,3.4098e-06,0,0
5.89,-1.3515,-0.4361,1.5,0.87495,-0.71528,-2.7487e-07,2.2398,2.0142,1.8058e-07,-2.5596,4.2219,3.3695e-06,0,0
5.88,-1.3602,-0.42885,1.5,0.85243,-0.73521,-2.7651e-07,2.2649,1.9716,1.471e-07,-2.4626,4.3061,3.3255e-06,0,0
5.87,-1.3686,-0.4214,1.5,0.82966,-0.75471,-2.7782e-07,2.2891,1.9281,1.1408e-07,-2.3651,4.3866,3.2779e-06,0,0
5.86,-1.3768,-0.41375,1.5,0.80665,-0.77377,-2.788e-07,2.3122,1.8838,8.1557e-08,-2.2669,4.4635,3.227e-06,0,0
5.85,-1.3847,-0.40592,1.5,0.78342,-0.79238,-2.7945e-07,2.3344,1.8388,4.9556e-08,-2.1682,4.5369,3.1727e-06,0,0
5.84,-1.3924,-0.39791,1.5,0.75997,-0.81054,-2.7979e-07,2.3556,1.7931,1.8114e-08,-2.0689,4.6068,3.1154e-06,0,0
5.83,-1.3999,-0.38971,1.5,0.73631,-0.82824,-2.7982e-07,2.3758,1.7467,-1.2741e-08,-1.9691,4.6732,3.0551e-06,0,0
5.82,-1.4072,-0.38135,1.5,0.71245,-0.84547,-2.7954e-07,2.395,1.6997,-4.2979e-08,-1.8687,4.7362,2.992e-06,0,0
5.81,-1.4142,-0.37281,1.5,0.68841,-0.86223,-2.7896e-07,2.4131,1.652,-7.2572e-08,-1.7679,4.7958,2.9262e-06,0,0
5.8,-1.4209,-0.3641,1.5,0.66419,-0.87851,-2.7809e-07,2.4303,1.6037,-1.0149e-07,-1.6665,4.852,2.858e-06,0,0
5.79,-1.4274,-0.35524,1.5,0.63981,-0.89431,-2.7693e-07,2.4465,1.555,-1.2972e-07,-1.5646,4.9049,2.7874e-06,0,0
5.78,-1.4337,-0.34622,1.5,0.61527,-0.90961,-2.755e-07,2.4616,1.5057,-1.5724e-07,-1.4621,4.9545,2.7146e-06,0,0
5.77,-1.4397,-0.33705,1.5,0.59058,-0.92442,-2.7379e-07,2.4757,1.4559,-1.8401e-07,-1.3593,5.0008,2.6397e-06,0,0
5.76,-1.4455,-0.32773,1.5,0.56576,-0.93872,-2.7182e-07,2.4888,1.4057,-2.1002e-07,-1.2559,5.044,2.5629e-06,0,0
5.75,-1.4511,-0.31827,1.5,0.54081,-0.95253,-2.6959e-07,2.5008,1.355,-2.3526e-07,-1.1521,5.0839,2.4843e-06,0,0
5.74,-1.4563,-0.30868,1.5,0.51575,-0.96582,-2.6712e-07,2.5118,1.304,-2.597e-07,-1.0478,5.1206,2.4041e-06,0,0
5.73,-1.4614,-0.29896,1.5,0.49058,-0.97861,-2.644e-07,2.5218,1.2526,-2.8334e-07,-0.94304,5.1542,2.3224e-06,0,0
5.72,-1.4662,-0.28911,1.5,0.46531,-0.99087,-2.6145e-07,2.5307,1.2009,-3.0615e-07,-0.83787,5.1848,2.2393e-06,0,0
5.71,-1.4707,-0.27914,1.5,0.43997,-1.0026,-2.5828e-07,2.5385,1.1489,-3.2812e-07,-0.73227,5.2122,2.155e-06,0,0
5.7,-1.475,-0.26906,1.5,0.41455,-1.0139,-2.5489e-07,2.5453,1.0967,-3.4925e-07,-0.62626,5.2367,2.0696e-06,0,0
5.69,-1.479,-0.25887,1.5,0.38906,-1.0246,-2.513e-07,2.5511,1.0442,-3.6951e-07,-0.51984,5.2581,1.9833e-06,0,0
5.68,-1.4827,-0.24857,1.5,0.36353,-1.0347,-2.475e-07,2.5557,0.99153,-3.8891e-07,-0.41303,5.2766,1.8961e-06,0,0
5.67,-1.4862,-0.23818,1.5,0.33795,-1.0444,-2.4352e-07,2.5593,0.93868,-4.0743e-07,-0.30582,5.2921,1.8082e-06,0,0
5.66,-1.4895,-0.22769,1.5,0.31235,-1.0535,-2.3936e-07,2.5618,0.88569,-4.2507e-07,-0.19824,5.3048,1.7197e-06,0,0
5.65,-1.4925,-0.21711,1.5,0.28672,-1.0621,-2.3502e-07,2.5633,0.83259,-4.4182e-07,-0.090295,5.3146,1.6308e-06,0,0
5.64,-1.4952,-0.20645,1.5,0.26108,-1.0702,-2.3053e-07,2.5636,0.77941,-4.5768e-07,0.018014,5.3216,1.5415e-06,0,0
5.63,-1.4977,-0.19571,1.5,0.23545,-1.0777,-2.2587e-07,2.5629,0.72617,-4.7265e-07,0.12667,5.3257,1.4521e-06,0,0
5.62,-1.4999,-0.18489,1.5,0.20983,-1.0847,-2.2108e-07,2.5611,0.67291,-4.8672e-07,0.23567,5.3271,1.3625e-06,0,0
5.61,-1.5019,-0.17401,1.5,0.18423,-1.0911,-2.1614e-07,2.5582,0.61964,-4.999e-07,0.345,5.3258,1.2731e-06,0,0
5.6,-1.5036,-0.16307,1.5,0.15867,-1.0971,-2.1108e-07,2.5542,0.5664,-5.1219e-07,0.45466,5.3217,1.1838e-06,0,0
5.59,-1.5051,-0.15207,1.5,0.13315,-1.1025,-2.059e-07,2.5491,0.51321,-5.2358e-07,0.56462,5.315,1.0948e-06,0,0
5.58,-1.5063,-0.14102,1.5,0.10769,-1.1073,-2.0061e-07,2.5429,0.46011,-5.3408e-07,0.67489,5.3056,1.0061e-06,0,0
5.57,-1.5072,-0.12993,1.5,0.082296,-1.1117,-1.9522e-07,2.5356,0.40711,-5.437e-07,0.78546,5.2937,9.1803e-07,0,0
5.56,-1.5079,-0.11879,1.5,0.056981,-1.1155,-1.8974e-07,2.5272,0.35424,-5.5245e-07,0.89632,5.2791,8.3056e-07,0,0
5.55,-1.5084,-0.10762,1.5,0.031756,-1.1188,-1.8418e-07,2.5177,0.30154,-5.6032e-07,1.0074,5.262,7.4384e-07,0,0
5.54,-1.5086,-0.096419,1.5,0.0066313,-1.1215,-1.7854e-07,2.5071,0.24901,-5.6732e-07,1.1188,5.2423,6.5797e-07,0,0
5.53,-1.5085,-0.085192,1.5,-0.018381,-1.1237,-1.7283e-07,2.4953,0.1967,-5.7348e-07,1.2305,5.2202,5.7307e-07,0,0
5.52,-1.5082,-0.073946,1.5,-0.043271,-1.1255,-1.6707e-07,2.4824,0.14462,-5.7879e-07,1.3424,5.1956,4.8925e-07,0,0
5.51,-1.5076,-0.062685,1.5,-0.068027,-1.1266,-1.6126e-07,2.4685,0.092794,-5.8327e-07,1.4546,5.1686,4.0661e-07,0,0
5.5,-1.5068,-0.051415,1.5,-0.092636,-1.1273,-1.5541e-07,2.4533,0.041253,-5.8693e-07,1.567,5.1392,3.2526e-07,0,0
5.49,-1.5058,-0.040141,1.5,-0.11709,-1.1275,-1.4952e-07,2.4371,-0.009981,-5.8978e-07,1.6796,5.1073,2.453e-07,0,0
5.48,-1.5045,-0.028867,1.5,-0.14138,-1.1271,-1.4361e-07,2.4198,-0.060886,-5.9184e-07,1.7924,5.0732,1.6685e-07,0,0
5.47,-1.503,-0.0176,1.5,-0.16548,-1.1262,-1.3769e-07,2.4013,-0.11144,-5.9312e-07,1.9055,5.0367,8.9994e-08,0,0
5.46,-1.5012,-0.0063441,1.5,-0.1894,-1.1249,-1.3175e-07,2.3816,-0.16161,-5.9364e-07,2.0187,4.998,1.4842e-08,0,0
5.45,-1.4992,0.0048958,1.5,-0.21311,-1.123,-1.2582e-07,2.3609,-0.21139,-5.9342e-07,2.1322,4.957,-5.8509e-08,0,0
5.44,-1.4968,0.016283,1.5,-0.23648,-1.1203,-1.0081e-07,2.339,-0.26067,-5.6753e-07,2.2415,4.9145,-1.1268e-07,0,0
5.43,-1.4944,0.027472,1.5,-0.25976,-1.1174,-9.5142e-08,2.3161,-0.3096,-5.6606e-07,2.3475,4.8705,-1.8058e-07,0,0
5.42,-1.4917,0.038629,1.5,-0.2828,-1.1141,-8.9491e-08,2.2921,-0.35808,-5.6392e-07,2.4497,4.8251,-2.4578e-07,0,0
5.41,-1.4887,0.049751,1.5,-0.3056,-1.1102,-8.3865e-08,2.2671,-0.4061,-5.6115e-07,2.5482,4.7782,-3.0835e-07,0,0
5.4,-1.4855,0.060833,1.5,-0.32814,-1.1059,-7.827e-08,2.2411,-0.45364,-5.5777e-07,2.6429,4.7299,-3.6832e-07,0,0
5.39,-1.4821,0.071868,1.5,-0.35041,-1.1012,-7.2712e-08,2.2143,-0.50069,-5.5379e-07,2.7341,4.6802,-4.2575e-07,0,0
5.38,-1.4785,0.082854,1.5,-0.37242,-1.0959,-6.7196e-08,2.1865,-0.54724,-5.4926e-07,2.8216,4.6292,-4.8068e-07,0,0
5.37,-1.4747,0.093785,1.5,-0.39414,-1.0902,-6.1728e-08,2.1578,-0.59327,-5.4419e-07,2.9055,4.5768,-5.3316e-07,0,0
5.36,-1.4707,0.10466,1.5,-0.41557,-1.0841,-5.6314e-08,2.1284,-0.63877,-5.386e-07,2.986,4.523,-5.8323e-07,0,0
5.35,-1.4664,0.11547,1.5,-0.43671,-1.0775,-5.0958e-08,2.0981,-0.68372,-5.3253e-07,3.0629,4.468,-6.3094e-07,0,0
5.34,-1.4619,0.1262,1.5,-0.45753,-1.0704,-4.5665e-08,2.0671,-0.72812,-5.2599e-07,3.1364,4.4117,-6.7634e-07,0,0
5.33,-1.4572,0.13687,1.5,-0.47805,-1.0629,-4.044e-08,2.0354,-0.77195,-5.1901e-07,3.2065,4.3541,-7.1946e-07,0,0
5.32,-1.4524,0.14746,1.5,-0.49824,-1.055,-3.5286e-08,2.003,-0.8152,-5.1161e-07,3.2732,4.2952,-7.6035e-07,0,0
5.31,-1.4473,0.15797,1.5,-0.5181,-1.0466,-3.0209e-08,1.97,-0.85785,-5.0381e-07,3.3366,4.2351,-7.9906e-07,0,0
5.3,-1.442,0.16839,1.5,-0.53764,-1.0378,-2.5211e-08,1.9363,-0.8999,-4.9564e-07,3.3967,4.1738,-8.3563e-07,0,0
5.29,-1.4365,0.17872,1.5,-0.55683,-1.0286,-2.0297e-08,1.902,-0.94133,-4.8711e-07,3.4535,4.1113,-8.7011e-07,0,0
5.28,-1.4309,0.18896,1.5,-0.57568,-1.019,-1.547e-08,1.8672,-0.98212,-4.7824e-07,3.5071,4.0477,-9.0252e-07,0,0
5.27,-1.425,0.1991,1.5,-0.59417,-1.009,-1.0733e-08,1.8319,-1.0223,-4.6906e-07,3.5575,3.9828,-9.3293e-07,0,0
5.26,-1.419,0.20914,1.5,-0.61231,-0.99853,-6.0898e-09,1.7961,-1.0618,-4.5959e-07,3.6048,3.9169,-9.6136e-07,0,0
5.25,-1.4128,0.21907,1.5,-0.63009,-0.98772,-1.5424e-09,1.7598,-1.1006,-4.4984e-07,3.649,3.8498,-9.8787e-07,0,0
5.24,-1.4064,0.22889,1.5,-0.64751,-0.97652,2.9062e-09,1.7231,-1.1388,-4.3984e-07,3.6901,3.7816,-1.0125e-06,0,0
5.23,-1.3998,0.2386,1.5,-0.66455,-0.96495,7.2535e-09,1.686,-1.1762,-4.296e-07,3.7282,3.7123,-1.0353e-06,0,0
5.22,-1.3931,0.24819,1.5,-0.68123,-0.953,1.1497e-08,1.6486,-1.213,-4.1914e-07,3.7633,3.642,-1.0562e-06,0,0
5.21,-1.3862,0.25766,1.5,-0.69752,-0.94069,1.5636e-08,1.6108,-1.2491,-4.0848e-07,3.7954,3.5706,-1.0754e-06,0,0
5.2,-1.3791,0.267,1.5,-0.71344,-0.92802,1.9666e-08,1.5727,-1.2844,-3.9764e-07,3.8246,3.4982,-1.0929e-06,0,0
5.19,-1.3719,0.27622,1.5,-0.72898,-0.915,2.3588e-08,1.5343,-1.319,-3.8663e-07,3.851,3.4248,-1.1087e-06,0,0
5.18,-1.3646,0.2853,1.5,-0.74413,-0.90164,2.7398e-08,1.4957,-1.3529,-3.7547e-07,3.8744,3.3504,-1.1228e-06,0,0
5.17,-1.357,0.29425,1.5,-0.75889,-0.88795,3.1097e-08,1.4568,-1.386,-3.6418e-07,3.8951,3.275,-1.1353e-06,0,0
5.16,-1.3494,0.30306,1.5,-0.77326,-0.87392,3.4682e-08,1.4178,-1.4184,-3.5277e-07,3.913,3.1986,-1.1463e-06,0,0
5.15,-1.3416,0.31173,1.5,-0.78724,-0.85958,3.8152e-08,1.3786,-1.45,-3.4126e-07,3.9281,3.1213,-1.1557e-06,0,0
5.14,-1.3336,0.32025,1.5,-0.80083,-0.84493,4.1506e-08,1.3392,-1.4808,-3.2966e-07,3.9405,3.0431,-1.1636e-06,0,0
5.13,-1.3256,0.32863,1.5,-0.81403,-0.82997,4.4745e-08,1.2998,-1.5109,-3.1799e-07,3.9503,2.964,-1.1701e-06,0,0
5.12,-1.3174,0.33685,1.5,-0.82683,-0.81471,4.7866e-08,1.2602,-1.5401,-3.0626e-07,3.9574,2.8839,-1.1751e-06,0,0
5.11,-1.309,0.34492,1.5,-0.83923,-0.79917,5.087e-08,1.2206,-1.5685,-2.9449e-07,3.9619,2.803,-1.1788e-06,0,0
5.1,-1.3006,0.35283,1.5,-0.85124,-0.78334,5.3756e-08,1.181,-1.5962,-2.8269e-07,3.9638,2.7213,-1.1811e-06,0,0
5.09,-1.292,0.36058,1.5,-0.86285,-0.76725,5.6524e-08,1.1413,-1.623,-2.7087e-07,3.9632,2.6387,-1.1821e-06,0,0
5.08,-1.2833,0.36818,1.5,-0.87407,-0.75089,5.9173e-08,1.1017,-1.6489,-2.5905e-07,3.9601,2.5552,-1.1818e-06,0,0
5.07,-1.2745,0.3756,1.5,-0.88489,-0.73427,6.1705e-08,1.0622,-1.6741,-2.4724e-07,3.9545,2.471,-1.1803e-06,0,0
5.06,-1.2656,0.38286,1.5,-0.89531,-0.71741,6.4118e-08,1.0226,-1.6984,-2.3545e-07,3.9465,2.386,-1.1775e-06,0,0
5.05,-1.2566,0.38995,1.5,-0.90534,-0.70031,6.6414e-08,0.98323,-1.7218,-2.2369e-07,3.936,2.3001,-1.1736e-06,0,0
5.04,-1.2475,0.39687,1.5,-0.91497,-0.68298,6.8592e-08,0.94394,-1.7444,-2.1198e-07,3.9232,2.2136,-1.1686e-06,0,0
5.03,-1.2383,0.40361,1.5,-0.92422,-0.66542,7.0654e-08,0.90478,-1.7661,-2.0033e-07,3.9081,2.1262,-1.1624e-06,0,0
5.02,-1.229,0.41017,1.5,-0.93307,-0.64766,7.2599e-08,0.86578,-1.7869,-1.8874e-07,3.8906,2.0382,-1.1552e-06,0,0
5.01,-1.2197,0.41656,1.5,-0.94153,-0.62969,7.4429e-08,0.82697,-1.8068,-1.7723e-07,3.8709,1.9494,-1.1469e-06,0,0
5,-1.2102,0.42277,1.5,-0.94961,-0.61152,7.6144e-08,0.78837,-1.8259,-1.658e-07,3.8489,1.8599,-1.1377e-06,0,0
4.99,-1.2007,0.42879,1.5,-0.9573,-0.59317,7.7745e-08,0.75,-1.844,-1.5448e-07,3.8247,1.7698,-1.1274e-06,0,0
4.98,-1.1911,0.43463,1.5,-0.96461,-0.57465,7.9233e-08,0.71189,-1.8613,-1.4326e-07,3.7983,1.6789,-1.1162e-06,0,0
4.97,-1.1814,0.44028,1.5,-0.97154,-0.55595,8.061e-08,0.67404,-1.8776,-1.3215e-07,3.7697,1.5875,-1.1041e-06,0,0
4.96,-1.1716,0.44575,1.5,-0.97809,-0.5371,8.1877e-08,0.6365,-1.893,-1.2118e-07,3.7391,1.4953,-1.0911e-06,0,0
4.95,-1.1618,0.45102,1.5,-0.98427,-0.51809,8.3034e-08,0.59927,-1.9075,-1.1033e-07,3.7063,1.4026,-1.0773e-06,0,0
4.94,-1.152,0.45611,1.5,-0.99008,-0.49895,8.4084e-08,0.56238,-1.9211,-9.9634e-08,3.6715,1.3092,-1.0626e-06,0,0
4.93,-1.142,0.461,1.5,-0.99552,-0.47968,8.5028e-08,0.52585,-1.9337,-8.9085e-08,3.6347,1.2153,-1.0472e-06,0,0
4.92,-1.132,0.4657,1.5,-1.0006,-0.46028,8.5866e-08,0.48969,-1.9454,-7.8693e-08,3.5958,1.1207,-1.031e-06,0,0
4.91,-1.122,0.47021,1.5,-1.0053,-0.44077,8.6602e-08,0.45394,-1.9561,-6.8467e-08,3.555,1.0256,-1.0141e-06,0,0
4.9,-1.1119,0.47452,1.5,-1.0097,-0.42116,8.7236e-08,0.4186,-1.9659,-5.8414e-08,3.5122,0.92994,-9.9643e-07,0,0
4.89,-1.1018,0.47863,1.5,-1.0137,-0.40146,8.7771e-08,0.3837,-1.9747,-4.8541e-08,3.4676,0.83374,-9.7814e-07,0,0
4.88,-1.0917,0.48255,1.5,-1.0174,-0.38167,8.8208e-08,0.34925,-1.9825,-3.8854e-08,3.421,0.73701,-9.592e-07,0,0
4.87,-1.0815,0.48626,1.5,-1.0207,-0.36181,8.8549e-08,0.31528,-1.9894,-2.9359e-08,3.3726,0.63977,-9.3965e-07,0,0
4.86,-1.0713,0.48978,1.5,-1.0237,-0.34189,8.8796e-08,0.28181,-1.9953,-2.0062e-08,3.3224,0.54203,-9.1952e-07,0,0
4.85,-1.061,0.4931,1.5,-1.0263,-0.32191,8.8951e-08,0.24884,-2.0003,-1.097e-08,3.2704,0.4438,-8.9883e-07,0,0
4.84,-1.0507,0.49622,1.5,-1.0286,-0.30188,8.9016e-08,0.21641,-2.0042,-2.0877e-09,3.2166,0.34511,-8.776e-07,0,0
4.83,-1.0404,0.49914,1.5,-1.0306,-0.28183,8.8993e-08,0.18452,-2.0072,6.5801e-09,3.161,0.24596,-8.5588e-07,0,0
4.82,-1.0301,0.50186,1.5,-1.0323,-0.26174,8.8885e-08,0.15319,-2.0091,1.5028e-08,3.1038,0.14636,-8.3368e-07,0,0
4.81,-1.0198,0.50437,1.5,-1.0337,-0.24165,8.8693e-08,0.12245,-2.0101,2.3252e-08,3.0448,0.046328,-8.1103e-07,0,0
4.8,-1.0094,0.50669,1.5,-1.0348,-0.22155,8.8421e-08,0.0923,-2.01,3.1248e-08,2.9842,-0.05412,-7.8796e-07,0,0
4.79,-0.99909,0.5088,1.5,-1.0356,-0.20145,8.8069e-08,0.062767,-2.009,3.901e-08,2.922,-0.15497,-7.645e-07,0,0
4.78,-0.98873,0.51072,1.5,-1.036,-0.18137,8.7641e-08,0.033865,-2.0069,4.6536e-08,2.8582,-0.25622,-7.4066e-07,0,0
4.77,-0.97837,0.51243,1.5,-1.0362,-0.16131,8.7139e-08,0.0056089,-2.0039,5.3822e-08,2.7928,-0.35785,-7.1647e-07,0,0
4.76,-0.96801,0.51395,1.5,-1.0362,-0.1413,8.6565e-08,-0.021985,-1.9998,6.0865e-08,2.7258,-0.45984,-6.9196e-07,0,0
4.75,-0.95765,0.51526,1.5,-1.0358,-0.12132,8.5923e-08,-0.048903,-1.9947,6.7661e-08,2.6574,-0.56219,-6.6716e-07,0,0
4.74,-0.94729,0.51637,1.5,-1.0352,-0.10141,8.5213e-08,-0.075128,-1.9885,7.4207e-08,2.5874,-0.66488,-6.4209e-07,0,0
4.73,-0.93695,0.51729,1.5,-1.0343,-0.081555,8.4439e-08,-0.10065,-1.9814,8.0501e-08,2.5159,-0.7679,-6.1676e-07,0,0
4.72,-0.92661,0.518,1.5,-1.0332,-0.061781,8.3604e-08,-0.12544,-1.9732,8.6541e-08,2.4431,-0.87123,-5.9121e-07,0,0
4.71,-0.91628,0.51852,1.5,-1.0318,-0.042095,8.2709e-08,-0.1495,-1.964,9.2325e-08,2.3688,-0.97488,-5.6547e-07,0,0
4.7,-0.90597,0.51885,1.5,-1.0302,-0.022505,8.1758e-08,-0.17281,-1.9537,9.785e-08,2.2931,-1.0788,-5.3954e-07,0,0
4.69,-0.89568,0.51897,1.5,-1.0283,-0.0030243,8.0753e-08,-0.19536,-1.9424,1.0312e-07,2.216,-1.183,-5.1346e-07,0,0
4.68,-0.88541,0.51891,1.5,-1.0263,0.016339,7.9697e-08,-0.21713,-1.93,1.0812e-07,2.1376,-1.2875,-4.8724e-07,0,0
4.67,-0.87515,0.51865,1.5,-1.024,0.035573,7.8592e-08,-0.23811,-1.9166,1.1286e-07,2.0579,-1.3923,-4.6092e-07,0,0
4.66,-0.86493,0.5182,1.5,-1.0215,0.054668,7.7441e-08,-0.25828,-1.9022,1.1734e-07,1.9768,-1.4973,-4.345e-07,0,0
4.65,-0.85473,0.51755,1.5,-1.0188,0.073613,7.6246e-08,-0.27764,-1.8867,1.2155e-07,1.8945,-1.6025,-4.0802e-07,0,0
4.64,-0.84455,0.51672,1.5,-1.016,0.092398,7.501e-08,-0.29617,-1.8701,1.255e-07,1.811,-1.708,-3.815e-07,0,0
4.63,-0.83441,0.51571,1.5,-1.0129,0.11101,7.3737e-08,-0.31385,-1.8525,1.2918e-07,1.7263,-1.8136,-3.5495e-07,0,0
4.62,-0.82429,0.5145,1.5,-1.0097,0.12944,7.2428e-08,-0.33069,-1.8339,1.326e-07,1.6403,-1.9195,-3.2839e-07,0,0
4.61,-0.81421,0.51312,1.5,-1.0063,0.14769,7.1086e-08,-0.34666,-1.8141,1.3575e-07,1.5532,-2.0256,-3.0186e-07,0,0
4.6,-0.80417,0.51155,1.5,-1.0028,0.16572,6.9714e-08,-0.36175,-1.7933,1.3863e-07,1.4649,-2.1318,-2.7536e-07,0,0
4.59,-0.79416,0.5098,1.5,-0.99907,0.18355,6.8314e-08,-0.37595,-1.7715,1.4125e-07,1.3755,-2.2382,-2.4892e-07,0,0
4.58,-0.78419,0.50788,1.5,-0.99525,0.20115,6.6889e-08,-0.38925,-1.7486,1.4361e-07,1.285,-2.3448,-2.2255e-07,0,0
4.57,-0.77425,0.50578,1.5,-0.99129,0.21852,6.5443e-08,-0.40165,-1.7246,1.4571e-07,1.1934,-2.4515,-1.9629e-07,0,0
4.56,-0.76436,0.50351,1.5,-0.98722,0.23564,6.3976e-08,-0.41312,-1.6995,1.4754e-07,1.1008,-2.5584,-1.7013e-07,0,0
4.55,-0.75451,0.50107,1.5,-0.98303,0.2525,6.2493e-08,-0.42366,-1.6734,1.4911e-07,1.0071,-2.6653,-1.4411e-07,0,0
4.54,-0.7447,0.49851,1.5,-0.97874,0.26912,6.1861e-08,-0.43325,-1.6462,1.3632e-07,0.91301,-2.7716,-1.201e-07,0,0
4.53,-0.73493,0.49574,1.5,-0.97436,0.28545,6.0492e-08,-0.44192,-1.618,1.374e-07,0.82115,-2.8733,-9.5441e-08,0,0
4.52,-0.72521,0.49281,1.5,-0.9699,0.30148,5.9113e-08,-0.44969,-1.5888,1.3824e-07,0.7319,-2.9697,-7.1924e-08,0,0
4.51,-0.71554,0.48971,1.5,-0.96537,0.31722,5.7728e-08,-0.45657,-1.5586,1.3884e-07,0.64523,-3.0611,-4.952e-08,0,0
4.5,-0.70591,0.48646,1.5,-0.96077,0.33265,5.6337e-08,-0.4626,-1.5276,1.3923e-07,0.56112,-3.1474,-2.8203e-08,0,0
4.49,-0.69632,0.48306,1.5,-0.95612,0.34777,5.4944e-08,-0.4678,-1.4957,1.3941e-07,0.47951,-3.2288,-7.9463e-09,0,0
4.48,-0.68678,0.47951,1.5,-0.95142,0.36256,5.355e-08,-0.4722,-1.463,1.3939e-07,0.40039,-3.3053,1.1275e-08,0,0
4.47,-0.67729,0.47581,1.5,-0.94668,0.37703,5.2157e-08,-0.47582,-1.4296,1.3919e-07,0.32372,-3.377,2.9488e-08,0,0
4.46,-0.66785,0.47197,1.5,-0.9419,0.39115,5.0767e-08,-0.47868,-1.3955,1.3881e-07,0.24947,-3.4439,4.6716e-08,0,0
4.45,-0.65846,0.46799,1.5,-0.93711,0.40493,4.9381e-08,-0.48081,-1.3608,1.3826e-07,0.1776,-3.5062,6.2985e-08,0,0
4.44,-0.64911,0.46387,1.5,-0.93229,0.41836,4.8002e-08,-0.48224,-1.3254,1.3755e-07,0.10807,-3.5638,7.832e-08,0,0
4.43,-0.63981,0.45962,1.5,-0.92746,0.43144,4.6631e-08,-0.48298,-1.2895,1.3669e-07,0.040873,-3.6169,9.2745e-08,0,0
4.42,-0.63056,0.45524,1.5,-0.92263,0.44415,4.5269e-08,-0.48306,-1.2531,1.357e-07,-0.024041,-3.6655,1.0628e-07,0,0
4.41,-0.62136,0.45074,1.5,-0.9178,0.4565,4.3917e-08,-0.48251,-1.2162,1.3457e-07,-0.086699,-3.7097,1.1896e-07,0,0
4.4,-0.6122,0.44611,1.5,-0.91298,0.46848,4.2578e-08,-0.48134,-1.1789,1.3332e-07,-0.14713,-3.7496,1.308e-07,0,0
4.39,-0.6031,0.44137,1.5,-0.90818,0.48008,4.1251e-08,-0.47957,-1.1412,1.3196e-07,-0.20537,-3.7852,1.4183e-07,0,0
4.38,-0.59404,0.43651,1.5,-0.90339,0.4913,3.9939e-08,-0.47724,-1.1032,1.3049e-07,-0.26145,-3.8165,1.5206e-07,0,0
4.37,-0.58503,0.43155,1.5,-0.89864,0.50214,3.8642e-08,-0.47435,-1.0649,1.2892e-07,-0.31539,-3.8437,1.6152e-07,0,0
4.36,-0.57607,0.42647,1.5,-0.89391,0.5126,3.7361e-08,-0.47094,-1.0263,1.2726e-07,-0.36724,-3.8669,1.7024e-07,0,0
4.35,-0.56715,0.4213,1.5,-0.88922,0.52267,3.6097e-08,-0.46701,-0.98758,1.2552e-07,-0.41701,-3.8859,1.7823e-07,0,0
4.34,-0.55828,0.41602,1.5,-0.88457,0.53235,3.4851e-08,-0.4626,-0.94864,1.237e-07,-0.46474,-3.9011,1.8553e-07,0,0
4.33,-0.54946,0.41065,1.5,-0.87997,0.54164,3.3623e-08,-0.45773,-0.90957,1.2181e-07,-0.51045,-3.9123,1.9214e-07,0,0
4.32,-0.54068,0.40519,1.5,-0.87542,0.55054,3.2415e-08,-0.4524,-0.87041,1.1986e-07,-0.55419,-3.9197,1.9809e-07,0,0
4.31,-0.53195,0.39964,1.5,-0.87092,0.55905,3.1226e-08,-0.44665,-0.83119,1.1785e-07,-0.59597,-3.9232,2.0341e-07,0,0
4.3,-0.52326,0.39401,1.5,-0.86649,0.56716,3.0058e-08,-0.44049,-0.79195,1.1579e-07,-0.63583,-3.9231,2.0811e-07,0,0
4.29,-0.51462,0.3883,1.5,-0.86211,0.57489,2.891e-08,-0.43394,-0.75274,1.1369e-07,-0.67379,-3.9193,2.1221e-07,0,0
4.28,-0.50602,0.38251,1.5,-0.85781,0.58222,2.7784e-08,-0.42702,-0.71358,1.1155e-07,-0.70988,-3.9119,2.1574e-07,0,0
4.27,-0.49746,0.37666,1.5,-0.85357,0.58916,2.6679e-08,-0.41975,-0.67451,1.0938e-07,-0.74413,-3.901,2.1872e-07,0,0
4.26,-0.48895,0.37073,1.5,-0.84941,0.59571,2.5597e-08,-0.41214,-0.63557,1.0718e-07,-0.77657,-3.8866,2.2116e-07,0,0
4.25,-0.48048,0.36474,1.5,-0.84533,0.60187,2.4536e-08,-0.40422,-0.59679,1.0495e-07,-0.80723,-3.8687,2.2309e-07,0,0
4.24,-0.47204,0.3587,1.5,-0.84133,0.60764,2.3498e-08,-0.396,-0.55821,1.0272e-07,-0.83613,-3.8475,2.2452e-07,0,0
4.23,-0.46365,0.35259,1.5,-0.83741,0.61303,2.2482e-08,-0.3875,-0.51985,1.0047e-07,-0.86331,-3.823,2.2548e-07,0,0
4.22,-0.45529,0.34644,1.5,-0.83358,0.61804,2.1488e-08,-0.37874,-0.48176,9.8208e-08,-0.88878,-3.7952,2.2598e-07,0,0
4.21,-0.44698,0.34023,1.5,-0.82984,0.62267,2.0518e-08,-0.36973,-0.44396,9.5948e-08,-0.91257,-3.7643,2.2604e-07,0,0
4.2,-0.4387,0.33398,1.5,-0.82619,0.62692,1.9569e-08,-0.3605,-0.40648,9.3689e-08,-0.93472,-3.7301,2.2568e-07,0,0
4.19,-0.43045,0.32769,1.5,-0.82263,0.6308,1.8644e-08,-0.35105,-0.36937,9.1435e-08,-0.95525,-3.6929,2.2492e-07,0,0
4.18,-0.42224,0.32137,1.5,-0.81917,0.63431,1.7741e-08,-0.3414,-0.33264,8.9192e-08,-0.97418,-3.6527,2.2378e-07,0,0
4.17,-0.41407,0.31501,1.5,-0.8158,0.63746,1.686e-08,-0.33157,-0.29632,8.6961e-08,-0.99155,-3.6095,2.2228e-07,0,0
4.16,-0.40593,0.30862,1.5,-0.81254,0.64024,1.6001e-08,-0.32157,-0.26046,8.4747e-08,-1.0074,-3.5633,2.2042e-07,0,0
4.15,-0.39782,0.30221,1.5,-0.80937,0.64267,1.5165e-08,-0.31143,-0.22507,8.2554e-08,-1.0217,-3.5143,2.1824e-07,0,0
4.14,-0.38974,0.29577,1.5,-0.80631,0.64474,1.435e-08,-0.30114,-0.19018,8.0383e-08,-1.0345,-3.4625,2.1575e-07,0,0
4.13,-0.38169,0.28931,1.5,-0.80335,0.64647,1.3557e-08,-0.29074,-0.15583,7.824e-08,-1.0458,-3.4079,2.1296e-07,0,0
4.12,-0.37367,0.28284,1.5,-0.80049,0.64786,1.2785e-08,-0.28023,-0.12203,7.6125e-08,-1.0557,-3.3505,2.0989e-07,0,0
4.11,-0.36568,0.27636,1.5,-0.79775,0.64891,1.2035e-08,-0.26963,-0.088823,7.4043e-08,-1.0642,-3.2906,2.0655e-07,0,0
4.1,-0.35772,0.26986,1.5,-0.7951,0.64964,1.1304e-08,-0.25895,-0.056228,7.1995e-08,-1.0713,-3.228,2.0298e-07,0,0
4.09,-0.34978,0.26336,1.5,-0.79257,0.65004,1.0595e-08,-0.24821,-0.024272,6.9984e-08,-1.077,-3.1628,1.9917e-07,0,0
4.08,-0.34187,0.25686,1.5,-0.79014,0.65013,9.9046e-09,-0.23742,0.0070193,6.8012e-08,-1.0814,-3.0951,1.9514e-07,0,0
4.07,-0.33398,0.25036,1.5,-0.78782,0.6499,9.2341e-09,-0.22659,0.037622,6.6082e-08,-1.0844,-3.025,1.9092e-07,0,0
4.06,-0.32611,0.24387,1.5,-0.78561,0.64938,8.5828e-09,-0.21573,0.067511,6.4194e-08,-1.0862,-2.9525,1.8652e-07,0,0
4.05,-0.31826,0.23738,1.5,-0.7835,0.64855,7.9501e-09,-0.20487,0.096663,6.2352e-08,-1.0866,-2.8776,1.8194e-07,0,0
4.04,-0.31044,0.2309,1.5,-0.78151,0.64745,7.3356e-09,-0.194,0.12505,6.0556e-08,-1.0859,-2.8003,1.7721e-07,0,0
4.03,-0.30263,0.22443,1.5,-0.77962,0.64606,6.7388e-09,-0.18315,0.15266,5.8808e-08,-1.0839,-2.7208,1.7235e-07,0,0
4.02,-0.29485,0.21798,1.5,-0.77785,0.64439,6.1593e-09,-0.17233,0.17946,5.711e-08,-1.0807,-2.6391,1.6736e-07,0,0
4.01,-0.28708,0.21154,1.5,-0.77618,0.64247,5.5965e-09,-0.16155,0.20544,5.5461e-08,-1.0763,-2.5553,1.6225e-07,0,0
4,-0.27932,0.20513,1.5,-0.77462,0.64029,5.0499e-09,-0.15081,0.23056,5.3865e-08,-1.0707,-2.4692,1.5706e-07,0,0
3.99,-0.27158,0.19874,1.5,-0.77316,0.63786,4.519e-09,-0.14014,0.25482,5.2321e-08,-1.064,-2.3812,1.5178e-07,0,0
3.98,-0.26386,0.19237,1.5,-0.77181,0.6352,4.0033e-09,-0.12953,0.27818,5.0829e-08,-1.0562,-2.291,1.4643e-07,0,0
3.97,-0.25615,0.18603,1.5,-0.77057,0.6323,3.5022e-09,-0.11901,0.30063,4.9392e-08,-1.0473,-2.1989,1.4102e-07,0,0
3.96,-0.24845,0.17973,1.5,-0.76943,0.62919,3.0153e-09,-0.10859,0.32215,4.8009e-08,-1.0373,-2.1049,1.3558e-07,0,0
3.95,-0.24076,0.17345,1.5,-0.7684,0.62586,2.5419e-09,-0.098272,0.34272,4.6681e-08,-1.0263,-2.0089,1.301e-07,0,0
3.94,-0.23308,0.16721,1.5,-0.76747,0.62233,2.0815e-09,-0.088068,0.36232,4.5407e-08,-1.0142,-1.9111,1.2461e-07,0,0
3.93,-0.22541,0.161,1.5,-0.76664,0.61862,1.6335e-09,-0.07799,0.38094,4.4189e-08,-1.0012,-1.8115,1.1911e-07,0,0
3.92,-0.21774,0.15484,1.5,-0.76591,0.61472,1.1975e-09,-0.068048,0.39855,4.3025e-08,-0.98711,-1.7101,1.1362e-07,0,0
3.91,-0.21009,0.14871,1.5,-0.76527,0.61065,7.7285e-10,-0.058251,0.41513,4.1916e-08,-0.97208,-1.607,1.0815e-07,0,0
3.9,-0.20244,0.14263,1.5,-0.76474,0.60642,3.5901e-10,-0.04861,0.43068,4.0862e-08,-0.95611,-1.5022,1.0271e-07,0,0
3.89,-0.19479,0.13658,1.5,-0.7643,0.60204,-4.4566e-11,-0.039132,0.44517,3.9862e-08,-0.9392,-1.3957,9.7321e-08,0,0
3.88,-0.18715,0.13058,1.5,-0.76396,0.59752,-4.3841e-10,-0.029829,0.45859,3.8915e-08,-0.92139,-1.2877,9.1983e-08,0,0
3.87,-0.17951,0.12463,1.5,-0.7637,0.59287,-8.2305e-10,-0.020708,0.47092,3.8022e-08,-0.90268,-1.1781,8.6711e-08,0,0
3.86,-0.17188,0.11873,1.5,-0.76354,0.58811,-1.199e-09,-0.011778,0.48215,3.7181e-08,-0.88311,-1.0669,8.1517e-08,0,0
3.85,-0.16424,0.11287,1.5,-0.76347,0.58323,-1.5668e-09,-0.0030482,0.49225,3.6391e-08,-0.86269,-0.95434,7.6412e-08,0,0
3.84,-0.15661,0.10706,1.5,-0.76348,0.57826,-1.927e-09,0.0054732,0.50123,3.5652e-08,-0.84144,-0.8403,7.1405e-08,0,0
3.83,-0.14897,0.10131,1.5,-0.76358,0.57321,-2.28e-09,0.013778,0.50905,3.4963e-08,-0.81937,-0.72487,6.6509e-08,0,0
3.82,-0.14134,0.095599,1.5,-0.76376,0.56809,-2.6264e-09,0.021858,0.51572,3.4322e-08,-0.79651,-0.60807,6.1732e-08,0,0
3.81,-0.1337,0.089944,1.5,-0.76401,0.5629,-2.9666e-09,0.029706,0.52121,3.3728e-08,-0.77288,-0.48995,5.7085e-08,0,0
3.8,-0.12606,0.084342,1.5,-0.76435,0.55767,-3.3011e-09,0.037313,0.52551,3.3179e-08,-0.74849,-0.37055,5.2578e-08,0,0
3.79,-0.11841,0.078791,1.5,-0.76476,0.5524,-3.6304e-09,0.044673,0.52862,3.2676e-08,-0.72337,-0.2499,4.8221e-08,0,0
3.78,-0.11076,0.073294,1.5,-0.76524,0.5471,-3.9548e-09,0.051778,0.53051,3.2215e-08,-0.69752,-0.12805,4.4023e-08,0,0
3.77,-0.10311,0.067849,1.5,-0.76579,0.54179,-4.2748e-09,0.058621,0.53118,3.1795e-08,-0.67097,-0.0050281,3.9993e-08,0,0
3.76,-0.095445,0.062458,1.5,-0.76641,0.53648,-4.5908e-09,0.065195,0.53061,3.1414e-08,-0.64374,0.11913,3.6141e-08,0,0
3.75,-0.087777,0.05712,1.5,-0.7671,0.53118,-4.9032e-09,0.071494,0.52879,3.1071e-08,-0.61584,0.24438,3.2475e-08,0,0
3.74,-0.080103,0.051834,1.5,-0.76784,0.52591,-5.2124e-09,0.07751,0.52571,3.0764e-08,-0.58729,0.3707,2.9004e-08,0,0
3.73,-0.07242,0.046601,1.5,-0.76865,0.52067,-5.5186e-09,0.083237,0.52137,3.049e-08,-0.5581,0.49804,2.5738e-08,0,0
3.72,-0.06473,0.041421,1.5,-0.76951,0.51548,-5.8223e-09,0.08867,0.51575,3.0248e-08,-0.52831,0.62637,2.2683e-08,0,0
3.71,-0.05703,0.036291,1.5,-0.77042,0.51036,-6.1237e-09,0.093801,0.50884,3.0036e-08,-0.49791,0.75566,1.9849e-08,0,0
3.7,-0.049321,0.031213,1.5,-0.77138,0.50531,-6.4231e-09,0.098626,0.50063,2.9851e-08,-0.46693,0.88587,1.7243e-08,0,0
3.69,-0.041602,0.026185,1.5,-0.77239,0.50035,-6.7208e-09,0.10314,0.49112,2.969e-08,-0.43538,1.017,1.4873e-08,0,0
3.68,-0.033873,0.021206,1.5,-0.77344,0.49549,-7.017e-09,0.10733,0.48029,2.9552e-08,-0.40328,1.1489,1.2747e-08,0,0
3.67,-0.026133,0.016275,1.5,-0.77453,0.49075,-7.3119e-09,0.1112,0.46814,2.9435e-08,-0.37065,1.2817,1.0873e-08,0,0
3.66,-0.018382,0.01139,1.5,-0.77566,0.48614,-7.6057e-09,0.11474,0.45466,2.9334e-08,-0.3375,1.4152,9.2568e-09,0,0
3.65,-0.01062,0.0065515,1.5,-0.77683,0.48166,-7.8986e-09,0.11795,0.43983,2.9249e-08,-0.30384,1.5496,7.9065e-09,0,0
3.64,-0.0028457,0.0017566,1.5,-0.77802,0.47734,-8.1907e-09,0.12082,0.42366,2.9175e-08,-0.2697,1.6846,6.829e-09,0,0
3.63,0.0049406,-0.0030088,1.5,-0.77925,0.47317,-9.5412e-09,0.12334,0.40614,2.751e-08,-0.23549,1.8183,5.5814e-09,0,0
3.62,0.012739,-0.0077206,1.5,-0.78049,0.46921,-9.8161e-09,0.12553,0.38732,2.7458e-08,-0.20267,1.9436,5.0435e-09,0,0
3.61,0.020551,-0.012394,1.5,-0.78176,0.46543,-1.009e-08,0.1274,0.36729,2.7409e-08,-0.17133,2.0599,4.7566e-09,0,0
3.6,0.028374,-0.01703,1.5,-0.78304,0.46186,-1.0364e-08,0.12897,0.34615,2.7362e-08,-0.14146,2.1674,4.71e-09,0,0
3.59,0.036211,-0.021632,1.5,-0.78434,0.45851,-1.0638e-08,0.13024,0.32398,2.7314e-08,-0.113,2.2662,4.893e-09,0,0
3.58,0.044061,-0.026201,1.5,-0.78564,0.45539,-1.091e-08,0.13123,0.30085,2.7263e-08,-0.085949,2.3566,5.2951e-09,0,0
3.57,0.051924,-0.03074,1.5,-0.78696,0.4525,-1.1183e-08,0.13196,0.27687,2.7207e-08,-0.060259,2.4387,5.9061e-09,0,0
3.56,0.0598,-0.035252,1.5,-0.78828,0.44985,-1.1455e-08,0.13244,0.25211,2.7144e-08,-0.035906,2.5125,6.7157e-09,0,0
3.55,0.06769,-0.039738,1.5,-0.78961,0.44746,-1.1726e-08,0.13268,0.22665,2.7072e-08,-0.01286,2.5784,7.7139e-09,0,0
3.54,0.075593,-0.044202,1.5,-0.79093,0.44532,-1.1996e-08,0.1327,0.20057,2.6989e-08,0.0089078,2.6364,8.891e-09,0,0
3.53,0.083509,-0.048645,1.5,-0.79226,0.44345,-1.2265e-08,0.13251,0.17395,2.6894e-08,0.029426,2.6867,1.0237e-08,0,0
3.52,0.091438,-0.053072,1.5,-0.79358,0.44184,-1.2534e-08,0.13212,0.14686,2.6784e-08,0.048724,2.7294,1.1743e-08,0,0
3.51,0.09938,-0.057483,1.5,-0.7949,0.44051,-1.2801e-08,0.13154,0.11938,2.6658e-08,0.066828,2.7648,1.3399e-08,0,0
3.5,0.10734,-0.061883,1.5,-0.79621,0.43946,-1.3067e-08,0.13078,0.091587,2.6516e-08,0.083767,2.7928,1.5196e-08,0,0
3.49,0.1153,-0.066273,1.5,-0.79752,0.43868,-1.3331e-08,0.12987,0.063548,2.6354e-08,0.099567,2.8138,1.7124e-08,0,0
3.48,0.12329,-0.070657,1.5,-0.79881,0.43819,-1.3594e-08,0.1288,0.035335,2.6173e-08,0.11426,2.8277,1.9176e-08,0,0
3.47,0.13128,-0.075038,1.5,-0.80009,0.43798,-1.3855e-08,0.12759,0.0070161,2.597e-08,0.12786,2.8349,2.1341e-08,0,0
3.46,0.13929,-0.079418,1.5,-0.80136,0.43805,-1.4113e-08,0.12624,-0.02134,2.5746e-08,0.14041,2.8353,2.3613e-08,0,0
3.45,0.14731,-0.0838,1.5,-0.80262,0.4384,-1.437e-08,0.12478,-0.049668,2.5498e-08,0.15192,2.8292,2.5981e-08,0,0
3.44,0.15534,-0.088187,1.5,-0.80386,0.43904,-1.4623e-08,0.12321,-0.077903,2.5226e-08,0.16243,2.8167,2.8437e-08,0,0
3.43,0.16338,-0.092581,1.5,-0.80508,0.43996,-1.4874e-08,0.12154,-0.10598,2.4929e-08,0.17196,2.7979,3.0974e-08,0,0
3.42,0.17144,-0.096987,1.5,-0.80629,0.44116,-1.5122e-08,0.11977,-0.13384,2.4606e-08,0.18053,2.773,3.3584e-08,0,0
3.41,0.17951,-0.10141,1.5,-0.80748,0.44264,-1.5366e-08,0.11793,-0.16142,2.4257e-08,0.18817,2.742,3.6258e-08,0,0
3.4,0.18759,-0.10584,1.5,-0.80865,0.44439,-1.5607e-08,0.11601,-0.18866,2.3881e-08,0.1949,2.7052,3.8988e-08,0,0
3.39,0.19568,-0.11029,1.5,-0.8098,0.44641,-1.5844e-08,0.11403,-0.2155,2.3477e-08,0.20075,2.6626,4.1768e-08,0,0
3.38,0.20379,-0.11477,1.5,-0.81093,0.44869,-1.6076e-08,0.112,-0.24189,2.3045e-08,0.20574,2.6144,4.4588e-08,0,0
3.37,0.2119,-0.11927,1.5,-0.81204,0.45124,-1.6304e-08,0.10992,-0.26778,2.2585e-08,0.2099,2.5608,4.7444e-08,0,0
3.36,0.22003,-0.1238,1.5,-0.81312,0.45405,-1.6528e-08,0.1078,-0.29309,2.2096e-08,0.21325,2.5017,5.0325e-08,0,0
3.35,0.22816,-0.12835,1.5,-0.81419,0.4571,-1.6746e-08,0.10566,-0.31779,2.1578e-08,0.2158,2.4375,5.3227e-08,0,0
3.34,0.23631,-0.13294,1.5,-0.81524,0.4604,-1.6959e-08,0.10349,-0.34182,2.1032e-08,0.21759,2.3681,5.6142e-08,0,0
3.33,0.24447,-0.13756,1.5,-0.81626,0.46394,-1.7167e-08,0.10131,-0.36514,2.0456e-08,0.21864,2.2937,5.9063e-08,0,0
3.32,0.25264,-0.14222,1.5,-0.81726,0.4677,-1.7368e-08,0.09912,-0.38768,1.985e-08,0.21896,2.2145,6.1983e-08,0,0
3.31,0.26081,-0.14691,1.5,-0.81824,0.47169,-1.7564e-08,0.096932,-0.40941,1.9216e-08,0.21858,2.1305,6.4896e-08,0,0
3.3,0.269,-0.15165,1.5,-0.8192,0.47589,-1.7752e-08,0.094751,-0.43028,1.8552e-08,0.21752,2.0419,6.7795e-08,0,0
3.29,0.2772,-0.15643,1.5,-0.82014,0.48029,-1.7935e-08,0.092584,-0.45023,1.786e-08,0.21581,1.9488,7.0675e-08,0,0
3.28,0.2854,-0.16126,1.5,-0.82105,0.48489,-1.811e-08,0.090437,-0.46924,1.7139e-08,0.21346,1.8513,7.3528e-08,0,0
3.27,0.29362,-0.16613,1.5,-0.82195,0.48967,-1.8277e-08,0.088317,-0.48725,1.639e-08,0.21049,1.7495,7.635e-08,0,0
3.26,0.30184,-0.17105,1.5,-0.82282,0.49463,-1.8437e-08,0.086229,-0.50421,1.5612e-08,0.20692,1.6435,7.9133e-08,0,0
3.25,0.31008,-0.17602,1.5,-0.82367,0.49975,-1.8589e-08,0.08418,-0.5201,1.4807e-08,0.20278,1.5335,8.1873e-08,0,0
3.24,0.31832,-0.18105,1.5,-0.8245,0.50503,-1.8733e-08,0.082175,-0.53487,1.3975e-08,0.19808,1.4195,8.4564e-08,0,0
3.23,0.32657,-0.18613,1.5,-0.82532,0.51045,-1.8869e-08,0.08022,-0.54848,1.3116e-08,0.19285,1.3017,8.72e-08,0,0
3.22,0.33482,-0.19126,1.5,-0.82611,0.51599,-1.8996e-08,0.07832,-0.56089,1.2231e-08,0.1871,1.1801,8.9776e-08,0,0
3.21,0.34309,-0.19645,1.5,-0.82688,0.52166,-1.9113e-08,0.07648,-0.57207,1.1321e-08,0.18084,1.055,9.2286e-08,0,0
3.2,0.35136,-0.20169,1.5,-0.82764,0.52743,-1.9222e-08,0.074705,-0.58198,1.0386e-08,0.17411,0.92629,9.4726e-08,0,0
3.19,0.35964,-0.20699,1.5,-0.82838,0.5333,-1.9321e-08,0.072999,-0.59058,9.4264e-09,0.16691,0.7942,9.709e-08,0,0
3.18,0.36793,-0.21236,1.5,-0.8291,0.53924,-1.941e-08,0.071368,-0.59785,8.444e-09,0.15927,0.65879,9.9373e-08,0,0
3.17,0.37622,-0.21778,1.5,-0.8298,0.54525,-1.949e-08,0.069815,-0.60375,7.4392e-09,0.15121,0.52016,1.0157e-07,0,0
3.16,0.38452,-0.22326,1.5,-0.8305,0.55131,-1.9559e-08,0.068345,-0.60825,6.4129e-09,0.14273,0.37843,1.0368e-07,0,0
3.15,0.39283,-0.22881,1.5,-0.83117,0.55741,-1.9618e-08,0.066962,-0.61131,5.3659e-09,0.13386,0.23369,1.0569e-07,0,0
3.14,0.40115,-0.23441,1.5,-0.83184,0.56353,-1.9666e-08,0.065669,-0.61291,4.2993e-09,0.12462,0.08603,1.0761e-07,0,0
3.13,0.40947,-0.24008,1.5,-0.83249,0.56966,-1.9704e-08,0.064471,-0.61302,3.2141e-09,0.11501,-0.064446,1.0942e-07,0,0
3.12,0.4178,-0.2458,1.5,-0.83312,0.57579,-1.9731e-08,0.06337,-0.61161,2.1112e-09,0.10507,-0.21765,1.1113e-07,0,0
3.11,0.42613,-0.25159,1.5,-0.83375,0.58189,-1.9746e-08,0.062371,-0.60866,9.9191e-10,0.094799,-0.37347,1.1272e-07,0,0
3.1,0.43447,-0.25744,1.5,-0.83437,0.58795,-1.975e-08,0.061475,-0.60413,-1.4279e-10,0.084218,-0.53184,1.142e-07,0,0
3.09,0.44282,-0.26335,1.5,-0.83498,0.59397,-1.9743e-08,0.060687,-0.59801,-1.2917e-09,0.073343,-0.69265,1.1556e-07,0,0
3.08,0.45117,-0.26932,1.5,-0.83559,0.59991,-1.9724e-08,0.060009,-0.59027,-2.4536e-09,0.062188,-0.85581,1.168e-07,0,0
3.07,0.45953,-0.27535,1.5,-0.83618,0.60577,-1.9694e-08,0.059444,-0.58089,-3.6272e-09,0.050769,-1.0212,1.1791e-07,0,0
3.06,0.4679,-0.28144,1.5,-0.83678,0.61152,-1.9652e-08,0.058995,-0.56984,-4.8112e-09,0.0391,-1.1889,1.1889e-07,0,0
3.05,0.47627,-0.28758,1.5,-0.83736,0.61716,-1.9598e-08,0.058663,-0.55711,-6.0044e-09,0.027197,-1.3586,1.1973e-07,0,0
3.04,0.48464,-0.29378,1.5,-0.83795,0.62266,-1.9532e-08,0.058452,-0.54266,-7.2054e-09,0.015073,-1.5303,1.2044e-07,0,0
3.03,0.49302,-0.30003,1.5,-0.83853,0.628,-1.9454e-08,0.058362,-0.52649,-8.4128e-09,0.0027432,-1.7039,1.2101e-07,0,0
3.02,0.50141,-0.30634,1.5,-0.83912,0.63318,-1.9363e-08,0.058397,-0.50858,-9.6252e-09,-0.0097796,-1.8794,1.2144e-07,0,0
3.01,0.50981,-0.31269,1.5,-0.8397,0.63817,-1.9261e-08,0.058558,-0.4889,-1.0841e-08,-0.022481,-2.0566,1.2172e-07,0,0
3,0.51821,-0.3191,1.5,-0.84029,0.64295,-1.9147e-08,0.058847,-0.46744,-1.2059e-08,-0.035349,-2.2355,1.2186e-07,0,0
2.99,0.52661,-0.32555,1.5,-0.84088,0.64751,-1.902e-08,0.059266,-0.44419,-1.3278e-08,-0.048369,-2.416,1.2184e-07,0,0
2.98,0.53502,-0.33205,1.5,-0.84147,0.65183,-1.8881e-08,0.059815,-0.41912,-1.4496e-08,-0.061529,-2.598,1.2167e-07,0,0
2.97,0.54344,-0.33859,1.5,-0.84208,0.65589,-1.873e-08,0.060497,-0.39222,-1.5711e-08,-0.074816,-2.7815,1.2134e-07,0,0
2.96,0.55187,-0.34517,1.5,-0.84268,0.65967,-1.8567e-08,0.061312,-0.36348,-1.6922e-08,-0.088218,-2.9663,1.2085e-07,0,0
2.95,0.5603,-0.35178,1.5,-0.8433,0.66315,-1.8392e-08,0.062262,-0.33289,-1.8127e-08,-0.10172,-3.1524,1.202e-07,0,0
2.94,0.56873,-0.35843,1.5,-0.84393,0.66632,-1.8204e-08,0.063347,-0.30043,-1.9325e-08,-0.11532,-3.3397,1.1939e-07,0,0
2.93,0.57717,-0.36511,1.5,-0.84457,0.66915,-1.8005e-08,0.064568,-0.26609,-2.0515e-08,-0.12899,-3.5282,1.1842e-07,0,0
2.92,0.58562,-0.37181,1.5,-0.84522,0.67164,-1.7794e-08,0.065927,-0.22986,-2.1693e-08,-0.14274,-3.7177,1.1727e-07,0,0
2.91,0.59408,-0.37854,1.5,-0.84589,0.67375,-1.7571e-08,0.067423,-0.19173,-2.2859e-08,-0.15653,-3.9083,1.1596e-07,0,0
2.9,0.60254,-0.38528,1.5,-0.84657,0.67546,-1.7337e-08,0.069058,-0.1517,-2.4012e-08,-0.17038,-4.0998,1.1447e-07,0,0
2.89,0.61101,-0.39205,1.5,-0.84727,0.67677,-1.7091e-08,0.070831,-0.10974,-2.5148e-08,-0.18426,-4.2921,1.1281e-07,0,0
2.88,0.61949,-0.39882,1.5,-0.84799,0.67765,-1.6834e-08,0.072743,-0.06585,-2.6267e-08,-0.19816,-4.4853,1.1098e-07,0,0
2.87,0.62797,-0.4056,1.5,-0.84873,0.67808,-1.6566e-08,0.074794,-0.020029,-2.7367e-08,-0.21208,-4.6791,1.0897e-07,0,0
2.86,0.63646,-0.41238,1.5,-0.84948,0.67805,-1.6287e-08,0.076985,0.027734,-2.8446e-08,-0.226,-4.8737,1.0678e-07,0,0
2.85,0.64496,-0.41916,1.5,-0.85027,0.67752,-1.5997e-08,0.079314,0.077446,-2.9502e-08,-0.23991,-5.0688,1.0441e-07,0,0
2.84,0.65347,-0.42593,1.5,-0.85107,0.67649,-1.5697e-08,0.081783,0.12911,-3.0534e-08,-0.25381,-5.2645,1.0186e-07,0,0
2.83,0.66198,-0.43268,1.5,-0.8519,0.67493,-1.5386e-08,0.08439,0.18274,-3.1539e-08,-0.26769,-5.4606,9.9135e-08,0,0
2.82,0.67051,-0.43942,1.5,-0.85276,0.67283,-1.5066e-08,0.087136,0.23833,-3.2516e-08,-0.28153,-5.6572,9.6223e-08,0,0
2.81,0.67904,-0.44614,1.5,-0.85365,0.67016,-1.4736e-08,0.090021,0.29588,-3.3463e-08,-0.29533,-5.8541,9.3128e-08,0,0
2.8,0.68758,-0.45283,1.5,-0.85456,0.66691,-1.4397e-08,0.093043,0.35541,-3.4378e-08,-0.30907,-6.0513,8.9847e-08,0,0
2.79,0.69613,-0.45948,1.5,-0.85551,0.66305,-1.4049e-08,0.096202,0.41691,-3.5259e-08,-0.32276,-6.2487,8.6382e-08,0,0
2.78,0.70469,-0.46608,1.5,-0.85649,0.65856,-1.3692e-08,0.099498,0.48038,-3.6105e-08,-0.33637,-6.4464,8.273e-08,0,0
2.77,0.71326,-0.47264,1.5,-0.8575,0.65343,-1.3327e-08,0.10293,0.54584,-3.6913e-08,-0.34991,-6.6441,7.8891e-08,0,0
2.76,0.72184,-0.47915,1.5,-0.85854,0.64764,-1.2954e-08,0.1065,0.61327,-3.7682e-08,-0.36337,-6.842,7.4864e-08,0,0
2.75,0.73043,-0.4856,1.5,-0.85963,0.64116,-1.2573e-08,0.1102,0.68268,-3.841e-08,-0.37673,-7.0398,7.065e-08,0,0
2.74,0.73903,-0.49197,1.5,-0.86075,0.63398,-1.2186e-08,0.11403,0.75406,-3.9094e-08,-0.38999,-7.2376,6.6247e-08,0,0
2.73,0.74764,-0.49827,1.5,-0.86191,0.62607,-1.1792e-08,0.118,0.82743,-3.9734e-08,-0.40314,-7.4353,6.1656e-08,0,0
2.72,0.75627,-0.50449,1.5,-0.86311,0.61742,-1.0853e-08,0.12209,0.90275,-3.9938e-08,-0.41481,-7.627,5.7037e-08,0,0
2.71,0.76491,-0.51062,1.5,-0.86435,0.60801,-1.0451e-08,0.12627,0.97989,-4.0485e-08,-0.42145,-7.7976,5.2308e-08,0,0
2.7,0.77356,-0.51665,1.5,-0.86564,0.59782,-1.0043e-08,0.1305,1.0586,-4.0984e-08,-0.42303,-7.9467,4.7592e-08,0,0
2.69,0.78222,-0.52257,1.5,-0.86696,0.58683,-9.631e-09,0.13472,1.1388,-4.1436e-08,-0.41971,-8.0748,4.2892e-08,0,0
2.68,0.7909,-0.52838,1.5,-0.86833,0.57504,-9.2146e-09,0.13888,1.2201,-4.1842e-08,-0.41165,-8.1827,3.8211e-08,0,0
2.67,0.79959,-0.53407,1.5,-0.86974,0.56243,-8.7943e-09,0.14294,1.3023,-4.2201e-08,-0.39899,-8.2707,3.3555e-08,0,0
2.66,0.80829,-0.53963,1.5,-0.87119,0.54899,-8.3707e-09,0.14684,1.3854,-4.2513e-08,-0.38189,-8.3394,2.8927e-08,0,0
2.65,0.81701,-0.54505,1.5,-0.87267,0.53472,-7.9442e-09,0.15056,1.4691,-4.2779e-08,-0.36049,-8.3894,2.4331e-08,0,0
2.64,0.82574,-0.55032,1.5,-0.8742,0.51961,-7.5153e-09,0.15404,1.5531,-4.3e-08,-0.33495,-8.4212,1.9771e-08,0,0
2.63,0.83449,-0.55544,1.5,-0.87575,0.50365,-7.0844e-09,0.15725,1.6374,-4.3175e-08,-0.3054,-8.4353,1.5251e-08,0,0
2.62,0.84326,-0.56039,1.5,-0.87734,0.48686,-6.652e-09,0.16014,1.7218,-4.3305e-08,-0.272,-8.4322,1.0773e-08,0,0
2.61,0.85204,-0.56517,1.5,-0.87896,0.46922,-6.2184e-09,0.16267,1.806,-4.3391e-08,-0.23487,-8.4123,6.3418e-09,0,0
2.6,0.86084,-0.56977,1.5,-0.88059,0.45074,-5.7843e-09,0.16482,1.89,-4.3432e-08,-0.19415,-8.3763,1.9603e-09,0,0
2.59,0.86965,-0.57418,1.5,-0.88225,0.43142,-5.3499e-09,0.16654,1.9735,-4.343e-08,-0.14998,-8.3245,-2.3681e-09,0,0
2.58,0.87848,-0.5784,1.5,-0.88392,0.41127,-4.9158e-09,0.16781,2.0564,-4.3385e-08,-0.1025,-8.2574,-6.6403e-09,0,0
2.57,0.88733,-0.58241,1.5,-0.88561,0.39029,-4.4824e-09,0.16858,2.1386,-4.3297e-08,-0.051829,-8.1756,-1.0853e-08,0,0
2.56,0.8962,-0.5862,1.5,-0.88729,0.3685,-4.05e-09,0.16884,2.2199,-4.3168e-08,0.0019031,-8.0795,-1.5004e-08,0,0
2.55,0.90508,-0.58977,1.5,-0.88898,0.3459,-3.6192e-09,0.16854,2.3001,-4.2998e-08,0.058569,-7.9694,-1.909e-08,0,0
2.54,0.91398,-0.59312,1.5,-0.89066,0.3225,-3.1902e-09,0.16766,2.3792,-4.2786e-08,0.11805,-7.846,-2.3108e-08,0,0
2.53,0.92289,-0.59622,1.5,-0.89233,0.29832,-2.7636e-09,0.16617,2.457,-4.2536e-08,0.18021,-7.7096,-2.7055e-08,0,0
2.52,0.93182,-0.59908,1.5,-0.89398,0.27337,-2.3396e-09,0.16404,2.5334,-4.2246e-08,0.24494,-7.5607,-3.0929e-08,0,0
2.51,0.94077,-0.60169,1.5,-0.89561,0.24766,-1.9188e-09,0.16126,2.6082,-4.1917e-08,0.31213,-7.3996,-3.4728e-08,0,0
2.5,0.94973,-0.60403,1.5,-0.89721,0.22121,-1.5014e-09,0.15779,2.6813,-4.1551e-08,0.38166,-7.2269,-3.8448e-08,0,0
2.49,0.95871,-0.60611,1.5,-0.89876,0.19404,-1.0879e-09,0.15362,2.7527,-4.1149e-08,0.45341,-7.0429,-4.2089e-08,0,0
2.48,0.96771,-0.60791,1.5,-0.90028,0.16616,-6.7855e-10,0.14872,2.8222,-4.071e-08,0.52727,-6.848,-4.5646e-08,0,0
2.47,0.97672,-0.60943,1.5,-0.90174,0.1376,-2.7379e-10,0.14307,2.8896,-4.0236e-08,0.60313,-6.6426,-4.9119e-08,0,0
2.46,0.98574,-0.61066,1.5,-0.90313,0.10838,1.2605e-10,0.13665,2.955,-3.9728e-08,0.6809,-6.4272,-5.2506e-08,0,0
2.45,0.99478,-0.61159,1.5,-0.90447,0.078508,5.2065e-10,0.12944,3.0181,-3.9186e-08,0.76046,-6.2021,-5.5803e-08,0,0
2.44,1.0038,-0.61223,1.5,-0.90572,0.048021,9.0967e-10,0.12143,3.079,-3.8612e-08,0.84171,-5.9677,-5.901e-08,0,0
2.43,1.0129,-0.61255,1.5,-0.90689,0.016937,1.2928e-09,0.1126,3.1374,-3.8006e-08,0.92455,-5.7244,-6.2125e-08,0,0
2.42,1.022,-0.61256,1.5,-0.90797,-0.01472,1.6697e-09,0.10294,3.1934,-3.737e-08,1.0089,-5.4725,-6.5145e-08,0,0
2.41,1.0311,-0.61226,1.5,-0.90895,-0.046924,2.0401e-09,0.092421,3.2469,-3.6704e-08,1.0946,-5.2125,-6.807e-08,0,0
2.4,1.0401,-0.61162,1.5,-0.90982,-0.079648,2.4037e-09,0.081041,3.2977,-3.6009e-08,1.1816,-4.9446,-7.0897e-08,0,0
2.39,1.0493,-0.61066,1.5,-0.91057,-0.11287,2.7602e-09,0.068784,3.3457,-3.5286e-08,1.2699,-4.6692,-7.3626e-08,0,0
2.38,1.0584,-0.60936,1.5,-0.91119,-0.14655,3.1093e-09,0.05564,3.391,-3.4537e-08,1.3592,-4.3867,-7.6254e-08,0,0
2.37,1.0675,-0.60773,1.5,-0.91168,-0.18068,3.4508e-09,0.041596,3.4335,-3.3761e-08,1.4496,-4.0974,-7.8781e-08,0,0
2.36,1.0766,-0.60575,1.5,-0.91202,-0.21521,3.7844e-09,0.026645,3.473,-3.2961e-08,1.5409,-3.8017,-8.1205e-08,0,0
2.35,1.0857,-0.60342,1.5,-0.91221,-0.25013,4.11e-09,0.010775,3.5095,-3.2138e-08,1.6331,-3.4998,-8.3526e-08,0,0
2.34,1.0948,-0.60075,1.5,-0.91223,-0.28539,4.4271e-09,-0.0060199,3.5429,-3.1291e-08,1.726,-3.192,-8.5741e-08,0,0
2.33,1.104,-0.59771,1.5,-0.91208,-0.32098,4.7357e-09,-0.023748,3.5733,-3.0423e-08,1.8197,-2.8788,-8.7851e-08,0,0
2.32,1.1131,-0.59432,1.5,-0.91175,-0.35685,5.0355e-09,-0.042416,3.6005,-2.9534e-08,1.9139,-2.5604,-8.9853e-08,0,0
2.31,1.1222,-0.59058,1.5,-0.91123,-0.39298,5.3263e-09,-0.062029,3.6245,-2.8626e-08,2.0087,-2.2371,-9.1748e-08,0,0
2.3,1.1313,-0.58646,1.5,-0.91051,-0.42933,5.608e-09,-0.082592,3.6452,-2.77e-08,2.104,-1.9092,-9.3535e-08,0,0
2.29,1.1404,-0.58199,1.5,-0.90958,-0.46587,5.8803e-09,-0.10411,3.6626,-2.6756e-08,2.1996,-1.5769,-9.5212e-08,0,0
2.28,1.1495,-0.57715,1.5,-0.90842,-0.50257,6.143e-09,-0.12658,3.6767,-2.5796e-08,2.2955,-1.2407,-9.6779e-08,0,0
2.27,1.1586,-0.57194,1.5,-0.90704,-0.53939,6.3961e-09,-0.15002,3.6874,-2.4821e-08,2.3917,-0.90069,-9.8236e-08,0,0
2.26,1.1676,-0.56636,1.5,-0.90542,-0.57631,6.6394e-09,-0.17442,3.6947,-2.3832e-08,2.4881,-0.55724,-9.9581e-08,0,0
2.25,1.1767,-0.56041,1.5,-0.90355,-0.61328,6.8727e-09,-0.19978,3.6986,-2.283e-08,2.5845,-0.21058,-1.0082e-07,0,0
2.24,1.1857,-0.55409,1.5,-0.90142,-0.65027,7.096e-09,-0.22611,3.6989,-2.1816e-08,2.681,0.13901,-1.0194e-07,0,0
2.23,1.1947,-0.54741,1.5,-0.89902,-0.68724,7.309e-09,-0.2534,3.6958,-2.0791e-08,2.7775,0.49128,-1.0295e-07,0,0
2.22,1.2037,-0.54035,1.5,-0.89635,-0.72417,7.5118e-09,-0.28166,3.6891,-1.9757e-08,2.8739,0.84599,-1.0385e-07,0,0
2.21,1.2126,-0.53292,1.5,-0.89339,-0.76101,7.7041e-09,-0.31088,3.6789,-1.8715e-08,2.9701,1.2029,-1.0463e-07,0,0
2.2,1.2215,-0.52513,1.5,-0.89013,-0.79774,7.886e-09,-0.34106,3.665,-1.7665e-08,3.0662,1.5617,-1.0531e-07,0,0
2.19,1.2304,-0.51697,1.5,-0.88656,-0.8343,8.0574e-09,-0.3722,3.6476,-1.6609e-08,3.162,1.9222,-1.0587e-07,0,0
2.18,1.2393,-0.50844,1.5,-0.88268,-0.87068,8.2182e-09,-0.4043,3.6266,-1.5548e-08,3.2574,2.2842,-1.0631e-07,0,0
2.17,1.2481,-0.49956,1.5,-0.87847,-0.90682,8.3683e-09,-0.43735,3.6019,-1.4483e-08,3.3525,2.6475,-1.0665e-07,0,0
2.16,1.2568,-0.49031,1.5,-0.87393,-0.9427,8.5078e-09,-0.47135,3.5736,-1.3415e-08,3.4472,3.0118,-1.0687e-07,0,0
2.15,1.2656,-0.4807,1.5,-0.86904,-0.97828,8.6366e-09,-0.50629,3.5417,-1.2346e-08,3.5414,3.3769,-1.0698e-07,0,0
2.14,1.2742,-0.47074,1.5,-0.8638,-1.0135,8.7547e-09,-0.54217,3.5061,-1.1276e-08,3.635,3.7426,-1.0698e-07,0,0
2.13,1.2828,-0.46043,1.5,-0.8582,-1.0484,8.8622e-09,-0.57899,3.4668,-1.0207e-08,3.7281,4.1087,-1.0687e-07,0,0
2.12,1.2914,-0.44978,1.5,-0.85222,-1.0828,8.9589e-09,-0.61673,3.4239,-9.1389e-09,3.8206,4.475,-1.0664e-07,0,0
2.11,1.2999,-0.43878,1.5,-0.84586,-1.1169,9.0449e-09,-0.6554,3.3773,-8.0741e-09,3.9124,4.8413,-1.0631e-07,0,0
2.1,1.3083,-0.42744,1.5,-0.83911,-1.1504,9.1204e-09,-0.69498,3.3271,-7.0131e-09,4.0035,5.2074,-1.0586e-07,0,0
2.09,1.3167,-0.41577,1.5,-0.83196,-1.1834,9.1852e-09,-0.73547,3.2732,-5.9572e-09,4.0939,5.5732,-1.0531e-07,0,0
2.08,1.3249,-0.40378,1.5,-0.8244,-1.2158,9.2395e-09,-0.77686,3.2156,-4.9073e-09,4.1835,5.9384,-1.0464e-07,0,0
2.07,1.3331,-0.39146,1.5,-0.81642,-1.2477,9.2834e-09,-0.81913,3.1544,-3.8647e-09,4.2722,6.3028,-1.0387e-07,0,0
2.06,1.3413,-0.37882,1.5,-0.80801,-1.2789,9.3169e-09,-0.8623,3.0896,-2.8303e-09,4.3601,6.6664,-1.0299e-07,0,0
2.05,1.3493,-0.36588,1.5,-0.79917,-1.3095,9.34e-09,-0.90633,3.0211,-1.8053e-09,4.4471,7.0289,-1.02e-07,0,0
2.04,1.3573,-0.35264,1.5,-0.78988,-1.3393,9.353e-09,-0.95124,2.949,-7.9064e-10,4.5332,7.3902,-1.009e-07,0,0
2.03,1.3651,-0.3391,1.5,-0.78014,-1.3684,9.3559e-09,-0.99699,2.8733,2.1249e-10,4.6183,7.7502,-9.9704e-08,0,0
2.02,1.3729,-0.32527,1.5,-0.76994,-1.3968,9.3488e-09,-1.0436,2.794,1.2031e-09,4.7023,8.1086,-9.8398e-08,0,0
2.01,1.3805,-0.31116,1.5,-0.75927,-1.4243,9.3319e-09,-1.091,2.7111,2.1801e-09,4.7854,8.4653,-9.6989e-08,0,0
2,1.388,-0.29679,1.5,-0.74811,-1.451,9.3052e-09,-1.1393,2.6247,3.1425e-09,4.8674,8.8201,-9.5477e-08,0,0
1.99,1.3955,-0.28215,1.5,-0.73648,-1.4768,9.2691e-09,-1.1884,2.5347,4.0893e-09,4.9483,9.1731,-9.3863e-08,0,0
1.98,1.4028,-0.26725,1.5,-0.72434,-1.5017,9.2235e-09,-1.2383,2.4413,5.0194e-09,5.0281,9.5239,-9.2148e-08,0,0
1.97,1.4099,-0.25212,1.5,-0.71171,-1.5256,9.1687e-09,-1.2889,2.3443,5.9319e-09,5.1068,9.8725,-9.0334e-08,0,0
1.96,1.417,-0.23675,1.5,-0.69856,-1.5485,9.1049e-09,-1.3404,2.2438,6.8258e-09,5.1843,10.219,-8.8421e-08,0,0
1.95,1.4239,-0.22115,1.5,-0.6849,-1.5705,9.0323e-09,-1.3926,2.1399,7.7e-09,5.2606,10.562,-8.6411e-08,0,0
1.94,1.4307,-0.20534,1.5,-0.67071,-1.5913,8.951e-09,-1.4456,2.0326,8.5537e-09,5.3358,10.904,-8.4305e-08,0,0
1.93,1.4373,-0.18933,1.5,-0.65598,-1.6111,8.8613e-09,-1.4993,1.9218,9.3858e-09,5.4097,11.242,-8.2103e-08,0,0
1.92,1.4438,-0.17312,1.5,-0.64072,-1.6298,8.7634e-09,-1.5538,1.8077,1.0195e-08,5.4823,11.578,-7.9809e-08,0,0
1.91,1.4501,-0.15674,1.5,-0.6249,-1.6473,8.6575e-09,-1.609,1.6903,1.0982e-08,5.5537,11.91,-7.7422e-08,0,0
1.9,1.4563,-0.14018,1.5,-0.60854,-1.6636,8.5438e-09,-1.6649,1.5695,1.1744e-08,5.6238,12.24,-7.4944e-08,0,0
1.89,1.4623,-0.12347,1.5,-0.59161,-1.6786,8.4227e-09,-1.7214,1.4455,1.248e-08,5.6926,12.567,-7.2378e-08,0,0
1.88,1.4681,-0.10661,1.5,-0.57411,-1.6925,8.2943e-09,-1.7787,1.3182,1.3191e-08,5.7601,12.89,-6.9723e-08,0,0
1.87,1.4738,-0.089624,1.5,-0.55603,-1.705,8.1589e-09,-1.8366,1.1877,1.3874e-08,5.8263,13.21,-6.6981e-08,0,0
1.86,1.4793,-0.072517,1.5,-0.53737,-1.7162,8.0169e-09,-1.8952,1.054,1.453e-08,5.8911,13.527,-6.4155e-08,0,0
1.85,1.4845,-0.055304,1.5,-0.51812,-1.7261,7.8684e-09,-1.9545,0.91719,1.5157e-08,5.9546,13.84,-6.1246e-08,0,0
1.84,1.4896,-0.038,1.5,-0.49828,-1.7345,7.7138e-09,-2.0143,0.77724,1.5755e-08,6.0168,14.15,-5.8254e-08,0,0
1.83,1.4945,-0.020618,1.5,-0.47783,-1.7416,7.5534e-09,-2.0748,0.63421,1.6322e-08,6.0775,14.456,-5.5183e-08,0,0
1.82,1.4992,-0.0031731,1.5,-0.45678,-1.7472,7.3875e-09,-2.1359,0.48814,1.6858e-08,6.1369,14.758,-5.2033e-08,0,0
1.81,1.5036,0.014321,1.5,-0.43511,-1.7513,7.3063e-09,-2.1975,0.33911,1.7475e-08,6.1865,15.04,-4.887e-08,0,0
1.8,1.5079,0.031849,1.5,-0.41283,-1.754,7.1292e-09,-2.2595,0.1875,1.7947e-08,6.2106,15.272,-4.5674e-08,0,0
1.79,1.5119,0.049395,1.5,-0.38992,-1.7551,6.9475e-09,-2.3216,0.033839,1.8388e-08,6.2099,15.453,-4.2487e-08,0,0
1.78,1.5157,0.066945,1.5,-0.3664,-1.7546,6.7616e-09,-2.3836,-0.12141,1.8797e-08,6.1858,15.588,-3.9313e-08,0,0
1.77,1.5192,0.084483,1.5,-0.34225,-1.7527,6.5717e-09,-2.4453,-0.27777,1.9175e-08,6.1394,15.678,-3.6158e-08,0,0
1.76,1.5225,0.10199,1.5,-0.31749,-1.7491,6.3782e-09,-2.5064,-0.43482,1.952e-08,6.0719,15.724,-3.3023e-08,0,0
1.75,1.5256,0.11946,1.5,-0.29213,-1.744,6.1814e-09,-2.5666,-0.59212,1.9835e-08,5.9843,15.73,-2.9914e-08,0,0
1.74,1.5284,0.13687,1.5,-0.26616,-1.7372,5.9816e-09,-2.626,-0.74929,2.0119e-08,5.8778,15.696,-2.6834e-08,0,0
1.73,1.5309,0.1542,1.5,-0.23961,-1.729,5.7791e-09,-2.6841,-0.90593,2.0372e-08,5.7534,15.626,-2.3785e-08,0,0
1.72,1.5331,0.17144,1.5,-0.21249,-1.7191,5.5742e-09,-2.741,-1.0617,2.0595e-08,5.6122,15.52,-2.0772e-08,0,0
1.71,1.5351,0.18858,1.5,-0.1848,-1.7077,5.3673e-09,-2.7963,-1.2162,2.0787e-08,5.4552,15.381,-1.7797e-08,0,0
1.7,1.5368,0.20559,1.5,-0.15656,-1.6948,5.1586e-09,-2.85,-1.3692,2.0951e-08,5.2834,15.21,-1.4864e-08,0,0
1.69,1.5383,0.22247,1.5,-0.1278,-1.6804,4.9484e-09,-2.902,-1.5203,2.1085e-08,5.0977,15.01,-1.1974e-08,0,0
1.68,1.5394,0.23919,1.5,-0.098531,-1.6644,4.737e-09,-2.952,-1.6693,2.119e-08,4.899,14.782,-9.1317e-09,0,0
1.67,1.5402,0.25575,1.5,-0.06877,-1.647,4.5247e-09,-2.9999,-1.8159,2.1268e-08,4.6884,14.527,-6.3385e-09,0,0
1.66,1.5408,0.27213,1.5,-0.038541,-1.6281,4.3117e-09,-3.0457,-1.9598,2.1317e-08,4.4666,14.247,-3.5971e-09,0,0
1.65,1.541,0.28831,1.5,-0.0078645,-1.6078,4.0984e-09,-3.0892,-2.1007,2.134e-08,4.2345,13.944,-9.0979e-10,0,0
1.64,1.5409,0.30428,1.5,0.023235,-1.5861,3.885e-09,-3.1303,-2.2386,2.1336e-08,3.993,13.619,1.7213e-09,0,0
1.63,1.5405,0.32003,1.5,0.054734,-1.563,3.6718e-09,-3.169,-2.3731,2.1306e-08,3.7428,13.275,4.294e-09,0,0
1.62,1.5398,0.33554,1.5,0.086607,-1.5387,3.459e-09,-3.2052,-2.504,2.125e-08,3.4847,12.911,6.8065e-09,0,0
1.61,1.5388,0.3508,1.5,0.11883,-1.513,3.2469e-09,-3.2387,-2.6312,2.117e-08,3.2196,12.53,9.2571e-09,0,0
1.6,1.5374,0.36579,1.5,0.15137,-1.486,3.0357e-09,-3.2695,-2.7546,2.1065e-08,2.9481,12.133,1.1644e-08,0,0
1.59,1.5358,0.38051,1.5,0.18421,-1.4579,2.8256e-09,-3.2976,-2.8738,2.0937e-08,2.671,11.722,1.3966e-08,0,0
1.58,1.5338,0.39495,1.5,0.21732,-1.4286,2.617e-09,-3.3229,-2.9889,2.0786e-08,2.3889,11.297,1.6221e-08,0,0
1.57,1.5314,0.40908,1.5,0.25066,-1.3981,2.41e-09,-3.3454,-3.0997,2.0613e-08,2.1025,10.86,1.8408e-08,0,0
1.56,1.5287,0.4229,1.5,0.28421,-1.3666,2.2048e-09,-3.365,-3.2061,2.0418e-08,1.8124,10.412,2.0525e-08,0,0
1.55,1.5257,0.43641,1.5,0.31795,-1.334,2.0017e-09,-3.3816,-3.3079,2.0203e-08,1.5193,9.9542,2.2573e-08,0,0
1.54,1.5224,0.44958,1.5,0.35184,-1.3005,1.8008e-09,-3.3954,-3.4052,1.9967e-08,1.2238,9.488,2.4549e-08,0,0
1.53,1.5187,0.46241,1.5,0.38585,-1.2659,1.6024e-09,-3.4061,-3.4977,1.9712e-08,0.92639,9.0142,2.6453e-08,0,0
1.52,1.5147,0.4749,1.5,0.41995,-1.2305,1.4067e-09,-3.4139,-3.5854,1.9438e-08,0.62772,8.534,2.8284e-08,0,0
1.51,1.5103,0.48702,1.5,0.45411,-1.1942,1.2137e-09,-3.4187,-3.6683,1.9146e-08,0.32828,8.0483,3.0042e-08,0,0
1.5,1.5056,0.49878,1.5,0.48831,-1.1572,1.0238e-09,-3.4204,-3.7464,1.8837e-08,0.02859,7.5582,3.1725e-08,0,0
1.49,1.5005,0.51016,1.5,0.52251,-1.1193,8.3703e-10,-3.4192,-3.8195,1.8512e-08,-0.27085,7.0646,3.3333e-08,0,0
1.48,1.4951,0.52116,1.5,0.55669,-1.0808,6.536e-10,-3.415,-3.8877,1.8171e-08,-0.56958,6.5684,3.4867e-08,0,0
1.47,1.4894,0.53178,1.5,0.5908,-1.0416,4.7365e-10,-3.4078,-3.9509,1.7815e-08,-0.86712,6.0706,3.6325e-08,0,0
1.46,1.4833,0.54199,1.5,0.62483,-1.0018,2.9734e-10,-3.3977,-4.0091,1.7445e-08,-1.1631,5.5718,3.7707e-08,0,0
1.45,1.4769,0.55181,1.5,0.65875,-0.96143,1.248e-10,-3.3846,-4.0623,1.7061e-08,-1.457,5.0731,3.9014e-08,0,0
1.44,1.4701,0.56122,1.5,0.69252,-0.92056,-4.3839e-11,-3.3686,-4.1105,1.6665e-08,-1.7485,4.575,4.0245e-08,0,0
1.43,1.4631,0.57022,1.5,0.72611,-0.87924,-2.0846e-10,-3.3496,-4.1538,1.6257e-08,-2.0372,4.0785,4.1401e-08,0,0
1.42,1.4556,0.5788,1.5,0.7595,-0.8375,-3.6893e-10,-3.3278,-4.1921,1.5837e-08,-2.3227,3.5842,4.2481e-08,0,0
1.41,1.4479,0.58697,1.5,0.79266,-0.79541,-5.2516e-10,-3.3032,-4.2255,1.5407e-08,-2.6048,3.0928,4.3486e-08,0,0
1.4,1.4398,0.59471,1.5,0.82555,-0.75301,-6.7704e-10,-3.2757,-4.254,1.4968e-08,-2.883,2.6049,4.4415e-08,0,0
1.39,1.4314,0.60203,1.5,0.85816,-0.71035,-8.2448e-10,-3.2455,-4.2776,1.4519e-08,-3.1571,2.1211,4.5271e-08,0,0
1.38,1.4226,0.60892,1.5,0.89046,-0.66748,-9.674e-10,-3.2126,-4.2964,1.4062e-08,-3.4268,1.6421,4.6052e-08,0,0
1.37,1.4135,0.61538,1.5,0.92241,-0.62444,-1.1057e-09,-3.177,-4.3105,1.3598e-08,-3.6918,1.1685,4.676e-08,0,0
1.36,1.4042,0.62141,1.5,0.95399,-0.58128,-1.2393e-09,-3.1388,-4.3198,1.3127e-08,-3.9519,0.70068,4.7395e-08,0,0
1.35,1.3945,0.627,1.5,0.98517,-0.53806,-1.3682e-09,-3.098,-4.3245,1.2651e-08,-4.2068,0.23923,4.7958e-08,0,0
1.34,1.3845,0.63217,1.5,1.0159,-0.49481,-1.4923e-09,-3.0547,-4.3246,1.2169e-08,-4.4563,-0.21539,4.845e-08,0,0
1.33,1.3742,0.6369,1.5,1.0463,-0.45158,-1.6116e-09,-3.0089,-4.3202,1.1682e-08,-4.7001,-0.66272,4.8871e-08,0,0
1.32,1.3635,0.6412,1.5,1.0761,-0.40842,-1.726e-09,-2.9607,-4.3114,1.1191e-08,-4.9382,-1.1023,4.9222e-08,0,0
1.31,1.3526,0.64507,1.5,1.1055,-0.36537,-1.8354e-09,-2.9101,-4.2982,1.0698e-08,-5.1703,-1.5339,4.9505e-08,0,0
1.3,1.3414,0.64851,1.5,1.1343,-0.32247,-1.9399e-09,-2.8573,-4.2807,1.0201e-08,-5.3963,-1.9569,4.972e-08,0,0
1.29,1.3299,0.65152,1.5,1.1626,-0.27977,-2.0394e-09,-2.8022,-4.2591,9.7035e-09,-5.616,-2.3712,4.9868e-08,0,0
1.28,1.3182,0.6541,1.5,1.1903,-0.2373,-2.134e-09,-2.745,-4.2333,9.2043e-09,-5.8293,-2.7763,4.9951e-08,0,0
1.27,1.3061,0.65626,1.5,1.2175,-0.19511,-2.2235e-09,-2.6857,-4.2036,8.7047e-09,-6.036,-3.172,4.997e-08,0,0
1.26,1.2938,0.65801,1.5,1.244,-0.15324,-2.3081e-09,-2.6243,-4.1699,8.2051e-09,-6.2361,-3.558,4.9926e-08,0,0
1.25,1.2813,0.65933,1.5,1.27,-0.11173,-2.3876e-09,-2.561,-4.1325,7.7064e-09,-6.4295,-3.934,4.982e-08,0,0
1.24,1.2684,0.66024,1.5,1.2953,-0.070605,-2.4622e-09,-2.4957,-4.0913,7.209e-09,-6.616,-4.2999,4.9653e-08,0,0
1.23,1.2554,0.66074,1.5,1.3199,-0.029913,-2.5318e-09,-2.4287,-4.0465,6.7135e-09,-6.7957,-4.6554,4.9428e-08,0,0
1.22,1.242,0.66084,1.5,1.3438,0.010314,-2.5965e-09,-2.3599,-3.9982,6.2206e-09,-6.9685,-5.0004,4.9145e-08,0,0
1.21,1.2285,0.66054,1.5,1.3671,0.05004,-2.6562e-09,-2.2893,-3.9465,5.7308e-09,-7.1343,-5.3347,4.8806e-08,0,0
1.2,1.2147,0.65984,1.5,1.3896,0.089233,-2.7111e-09,-2.2172,-3.8916,5.2446e-09,-7.2931,-5.6582,4.8413e-08,0,0
1.19,1.2007,0.65876,1.5,1.4114,0.12786,-2.7611e-09,-2.1435,-3.8334,4.7627e-09,-7.4449,-5.9707,4.7967e-08,0,0
1.18,1.1865,0.65729,1.5,1.4325,0.16589,-2.8064e-09,-2.0683,-3.7722,4.2855e-09,-7.5896,-6.2722,4.7469e-08,0,0
1.17,1.172,0.65544,1.5,1.4528,0.20329,-2.8469e-09,-1.9917,-3.708,3.8135e-09,-7.7274,-6.5625,4.6922e-08,0,0
1.16,1.1574,0.65322,1.5,1.4723,0.24004,-2.8827e-09,-1.9138,-3.641,3.3472e-09,-7.8581,-6.8417,4.6327e-08,0,0
1.15,1.1426,0.65064,1.5,1.491,0.2761,-2.9138e-09,-1.8346,-3.5712,2.8871e-09,-7.9819,-7.1097,4.5686e-08,0,0
1.14,1.1276,0.6477,1.5,1.509,0.31146,-2.9404e-09,-1.7542,-3.4988,2.4336e-09,-8.0987,-7.3665,4.5e-08,0,0
1.13,1.1124,0.64442,1.5,1.5261,0.34607,-2.9625e-09,-1.6726,-3.4239,1.9872e-09,-8.2087,-7.6121,4.4271e-08,0,0
1.12,1.0971,0.64078,1.5,1.5424,0.37993,-2.9802e-09,-1.59,-3.3466,1.5483e-09,-8.3118,-7.8465,4.3502e-08,0,0
1.11,1.0816,0.63682,1.5,1.5579,0.413,-2.9935e-09,-1.5064,-3.267,1.1173e-09,-8.4081,-8.0697,4.2693e-08,0,0
1.1,1.0659,0.63253,1.5,1.5726,0.44526,-3.0026e-09,-1.4219,-3.1852,6.946e-10,-8.4977,-8.2818,4.1847e-08,0,0
1.09,1.0501,0.62792,1.5,1.5864,0.47669,-3.0074e-09,-1.3365,-3.1014,2.805e-10,-8.5807,-8.4829,4.0966e-08,0,0
1.08,1.0342,0.623,1.5,1.5993,0.50728,-3.0082e-09,-1.2503,-3.0156,-1.2461e-10,-8.6572,-8.673,4.0051e-08,0,0
1.07,1.0182,0.61777,1.5,1.6114,0.537,-3.005e-09,-1.1634,-2.928,-5.2041e-10,-8.7272,-8.8522,3.9105e-08,0,0
1.06,1.002,0.61226,1.5,1.6226,0.56583,-2.9978e-09,-1.0758,-2.8386,-9.066e-10,-8.7909,-9.0207,3.8128e-08,0,0
1.05,0.9857,0.60646,1.5,1.6329,0.59377,-2.9869e-09,-0.98757,-2.7476,-1.2829e-09,-8.8484,-9.1786,3.7124e-08,0,0
1.04,0.96933,0.60039,1.5,1.6423,0.62078,-2.9722e-09,-0.89883,-2.6551,-1.649e-09,-8.8999,-9.326,3.6095e-08,0,0
1.03,0.95286,0.59405,1.5,1.6509,0.64686,-2.9539e-09,-0.8096,-2.5611,-2.0047e-09,-8.9453,-9.463,3.5041e-08,0,0
1.02,0.93631,0.58745,1.5,1.6585,0.672,-2.9322e-09,-0.71994,-2.4658,-2.3498e-09,-8.9849,-9.5899,3.3965e-08,0,0
1.01,0.91969,0.58061,1.5,1.6653,0.69618,-2.907e-09,-0.62992,-2.3694,-2.6839e-09,-9.0189,-9.7068,3.287e-08,0,0
1,0.90301,0.57353,1.5,1.6711,0.71938,-2.8785e-09,-0.53958,-2.2717,-3.0071e-09,-9.0473,-9.8139,3.1756e-08,0,0
0.99,0.88627,0.56623,1.5,1.676,0.74161,-2.8469e-09,-0.44899,-2.1731,-3.319e-09,-9.0703,-9.9114,3.0627e-08,0,0
0.98,0.86949,0.5587,1.5,1.6801,0.76284,-2.8122e-09,-0.35819,-2.0735,-3.6196e-09,-9.088,-9.9995,2.9483e-08,0,0
0.97,0.85268,0.55097,1.5,1.6832,0.78308,-2.7745e-09,-0.26725,-1.9732,-3.9086e-09,-9.1007,-10.078,2.8327e-08,0,0
0.96,0.83583,0.54305,1.5,1.6854,0.8023,-2.734e-09,-0.1762,-1.872,-4.1861e-09,-9.1085,-10.148,2.7161e-08,0,0
0.95,0.81897,0.53493,1.5,1.6867,0.82051,-2.6908e-09,-0.085091,-1.7702,-4.4518e-09,-9.1116,-10.21,2.5987e-08,0,0
0.94,0.8021,0.52664,1.5,1.6871,0.83771,-2.645e-09,0.0060206,-1.6678,-4.7058e-09,-9.1101,-10.263,2.4807e-08,0,0
0.93,0.78523,0.51818,1.5,1.6866,0.85387,-2.5968e-09,0.097095,-1.565,-4.948e-09,-9.1042,-10.307,2.3622e-08,0,0
0.92,0.76837,0.50956,1.5,1.6852,0.869,-2.5461e-09,0.18809,-1.4617,-5.1782e-09,-9.0941,-10.344,2.2435e-08,0,0
0.91,0.75153,0.5008,1.5,1.6828,0.8831,-2.4932e-09,0.27896,-1.3581,-5.3966e-09,-9.08,-10.373,2.1247e-08,0,0
0.9,0.73472,0.49191,1.5,1.6796,0.89617,-2.436e-09,0.36966,-1.2543,-5.7677e-09,-9.0577,-10.39,2.0306e-08,0,0
0.89,0.71794,0.48288,1.5,1.6755,0.90819,-2.3773e-09,0.46007,-1.1504,-5.9649e-09,-9.0215,-10.389,1.9136e-08,0,0
0.88,0.70121,0.47375,1.5,1.6704,0.91917,-2.3167e-09,0.55005,-1.0466,-6.1505e-09,-8.972,-10.37,1.7978e-08,0,0
0.87,0.68454,0.4645,1.5,1.6645,0.92912,-2.2543e-09,0.63947,-0.94306,-6.3245e-09,-8.9098,-10.335,1.6831e-08,0,0
0.86,0.66792,0.45517,1.5,1.6576,0.93804,-2.1902e-09,0.72821,-0.83994,-6.4872e-09,-8.8354,-10.285,1.5694e-08,0,0
0.85,0.65139,0.44575,1.5,1.6499,0.94592,-2.1246e-09,0.81614,-0.7374,-6.6385e-09,-8.7493,-10.22,1.4569e-08,0,0
0.84,0.63493,0.43625,1.5,1.6413,0.95279,-2.0575e-09,0.90316,-0.63558,-6.7786e-09,-8.6522,-10.142,1.3454e-08,0,0
0.83,0.61856,0.42669,1.5,1.6318,0.95864,-1.9891e-09,0.98915,-0.53461,-6.9076e-09,-8.5443,-10.05,1.235e-08,0,0
0.82,0.6023,0.41708,1.5,1.6215,0.96348,-1.9194e-09,1.074,-0.43462,-7.0256e-09,-8.4264,-9.946,1.1256e-08,0,0
0.81,0.58614,0.40743,1.5,1.6104,0.96733,-1.8486e-09,1.1576,-0.33573,-7.1327e-09,-8.2987,-9.8304,1.0173e-08,0,0
0.8,0.57009,0.39774,1.5,1.5984,0.9702,-1.7768e-09,1.24,-0.23805,-7.2291e-09,-8.1618,-9.7038,9.0993e-09,0,0
0.79,0.55417,0.38803,1.5,1.5856,0.9721,-1.7041e-09,1.3208,-0.14169,-7.3148e-09,-8.016,-9.5669,8.0361e-09,0,0
0.78,0.53838,0.3783,1.5,1.572,0.97304,-1.6305e-09,1.4002,-0.046745,-7.3899e-09,-7.8617,-9.4202,6.983e-09,0,0
0.77,0.52273,0.36857,1.5,1.5576,0.97304,-1.5563e-09,1.4781,0.046685,-7.4545e-09,-7.6993,-9.2643,5.94e-09,0,0
0.76,0.50723,0.35884,1.5,1.5424,0.97211,-1.4815e-09,1.5542,0.13851,-7.5087e-09,-7.5293,-9.0998,4.9073e-09,0,0
0.75,0.49189,0.34913,1.5,1.5265,0.97027,-1.4062e-09,1.6286,0.22865,-7.5526e-09,-7.3518,-8.9271,3.8848e-09,0,0
0.74,0.47671,0.33944,1.5,1.5098,0.96754,-1.3304e-09,1.7012,0.31703,-7.5864e-09,-7.1673,-8.7468,2.8728e-09,0,0
0.73,0.46169,0.32978,1.5,1.4925,0.96394,-1.2545e-09,1.7719,0.40357,-7.6101e-09,-6.9761,-8.5593,1.8712e-09,0,0
0.72,0.44686,0.32016,1.5,1.4744,0.95948,-1.1783e-09,1.8407,0.48819,-7.6239e-09,-6.7784,-8.365,8.8032e-10,0,0
0.71,0.43221,0.3106,1.5,1.4557,0.95418,-1.102e-09,1.9075,0.57084,-7.6278e-09,-6.5746,-8.1643,-9.9779e-11,0,0
0.7,0.41775,0.30108,1.5,1.4363,0.94807,-1.0258e-09,1.9722,0.65146,-7.6219e-09,-6.3649,-7.9576,-1.0689e-09,0,0
0.69,0.40349,0.29164,1.5,1.4162,0.94116,-9.4961e-10,2.0348,0.72998,-7.6064e-09,-6.1496,-7.7454,-2.0268e-09,0,0
0.68,0.38943,0.28226,1.5,1.3956,0.93348,-8.7366e-10,2.0952,0.80635,-7.5814e-09,-5.9289,-7.5278,-2.9733e-09,0,0
0.67,0.37558,0.27297,1.5,1.3743,0.92504,-7.9801e-10,2.1533,0.88052,-7.547e-09,-5.7031,-7.3053,-3.9082e-09,0,0
0.66,0.36194,0.26376,1.5,1.3525,0.91587,-7.2275e-10,2.2092,0.95244,-7.5033e-09,-5.4724,-7.078,-4.8313e-09,0,0
0.65,0.34853,0.25465,1.5,1.3302,0.906,-6.4797e-10,2.2628,1.0221,-7.4504e-09,-5.237,-6.8465,-5.7422e-09,0,0
0.64,0.33534,0.24565,1.5,1.3073,0.89544,-5.7377e-10,2.3139,1.0894,-7.3885e-09,-4.9971,-6.6107,-6.6408e-09,0,0
0.63,0.32238,0.23675,1.5,1.2839,0.88422,-5.0023e-10,2.3627,1.1543,-7.3176e-09,-4.7529,-6.3711,-7.5267e-09,0,0
0.62,0.30966,0.22796,1.5,1.26,0.87236,-4.2745e-10,2.409,1.2168,-7.238e-09,-4.5046,-6.1279,-8.3996e-09,0,0
0.61,0.29719,0.2193,1.5,1.2357,0.85989,-3.555e-10,2.4528,1.2768,-7.1497e-09,-4.2525,-5.8812,-9.2594e-09,0,0
0.6,0.28495,0.21077,1.5,1.211,0.84684,-2.8448e-10,2.494,1.3344,-7.0529e-09,-3.9966,-5.6313,-1.0106e-08,0,0
0.59,0.27297,0.20237,1.5,1.1858,0.83321,-2.1447e-10,2.5327,1.3894,-6.9476e-09,-3.7371,-5.3784,-1.0938e-08,0,0
0.58,0.26124,0.19411,1.5,1.1603,0.81906,-1.4556e-10,2.5687,1.4419,-6.8341e-09,-3.4743,-5.1226,-1.1756e-08,0,0
0.57,0.24976,0.18599,1.5,1.1345,0.80438,-7.7818e-11,2.6022,1.4919,-6.7126e-09,-3.2082,-4.8642,-1.256e-08,0,0
0.56,0.23855,0.17802,1.5,1.1083,0.78923,-1.1334e-11,2.6329,1.5392,-6.583e-09,-2.9391,-4.6032,-1.3349e-08,0,0
0.55,0.2276,0.17021,1.5,1.0818,0.77361,5.3816e-11,2.6609,1.5839,-6.4456e-09,-2.6671,-4.3399,-1.4123e-08,0,0
0.54,0.21691,0.16255,1.5,1.0551,0.75756,1.1755e-10,2.6862,1.626,-6.3006e-09,-2.3923,-4.0743,-1.4882e-08,0,0
0.53,0.2065,0.15506,1.5,1.0281,0.7411,1.798e-10,2.7088,1.6654,-6.148e-09,-2.1149,-3.8067,-1.5625e-08,0,0
0.52,0.19635,0.14773,1.5,1.0009,0.72426,2.4049e-10,2.7285,1.7021,-5.9881e-09,-1.8351,-3.5371,-1.6352e-08,0,0
0.51,0.18648,0.14057,1.5,0.97355,0.70706,2.9954e-10,2.7455,1.7361,-5.821e-09,-1.553,-3.2657,-1.7063e-08,0,0
0.5,0.17688,0.13359,1.5,0.94602,0.68954,3.5689e-10,2.7596,1.7674,-5.6469e-09,-1.2687,-2.9926,-1.7758e-08,0,0
0.49,0.16756,0.12678,1.5,0.91836,0.67172,4.1246e-10,2.7708,1.796,-5.4659e-09,-0.98248,-2.7179,-1.8435e-08,0,0
0.48,0.15851,0.12015,1.5,0.89061,0.65363,4.6618e-10,2.7792,1.8218,-5.2783e-09,-0.69439,-2.4418,-1.9096e-08,0,0
0.47,0.14975,0.11371,1.5,0.86279,0.6353,5.18e-10,2.7847,1.8448,-5.0841e-09,-0.40462,-2.1643,-1.9739e-08,0,0
0.46,0.14126,0.10745,1.5,0.83493,0.61675,5.6784e-10,2.7873,1.8651,-4.8836e-09,-0.11333,-1.8856,-2.0365e-08,0,0
0.45,0.13305,0.10138,1.5,0.80705,0.59801,6.1565e-10,2.787,1.8825,-4.6769e-09,0.17932,-1.6058,-2.0972e-08,0,0
0.44,0.12512,0.09549,1.5,0.7792,0.5791,6.6136e-10,2.7837,1.8972,-4.4642e-09,0.47316,-1.3251,-2.1562e-08,0,0
0.43,0.11746,0.089794,1.5,0.75139,0.56007,7.0492e-10,2.7775,1.909,-4.2457e-09,0.76801,-1.0435,-2.2134e-08,0,0
0.42,0.11009,0.084289,1.5,0.72366,0.54093,7.4626e-10,2.7684,1.9181,-4.0216e-09,1.0637,-0.76124,-2.2687e-08,0,0
0.41,0.10299,0.078975,1.5,0.69603,0.52172,7.8533e-10,2.7562,1.9243,-3.792e-09,1.3601,-0.47838,-2.3222e-08,0,0
0.4,0.096167,0.073855,1.5,0.66854,0.50246,8.2208e-10,2.7412,1.9276,-3.5572e-09,1.6569,-0.1951,-2.3738e-08,0,0
0.39,0.089619,0.068926,1.5,0.64122,0.48318,8.5646e-10,2.7231,1.9282,-3.3173e-09,1.954,0.088461,-2.4235e-08,0,0
0.38,0.083342,0.064191,1.5,0.61409,0.4639,8.8841e-10,2.7021,1.9258,-3.0726e-09,2.2511,0.37214,-2.4713e-08,0,0
0.37,0.077336,0.059648,1.5,0.58719,0.44467,9.1789e-10,2.6781,1.9207,-2.8231e-09,2.5481,0.65576,-2.5172e-08,0,0
0.36,0.071598,0.055297,1.5,0.56054,0.4255,9.4486e-10,2.6511,1.9127,-2.5692e-09,2.8447,0.93915,-2.5612e-08,0,0
0.35,0.066125,0.051138,1.5,0.53417,0.40642,9.6926e-10,2.6212,1.9019,-2.3109e-09,3.1407,1.2221,-2.6033e-08,0,0
0.34,0.060913,0.047168,1.5,0.50812,0.38747,9.9106e-10,2.5883,1.8883,-2.0486e-09,3.4358,1.5045,-2.6435e-08,0,0
0.33,0.055961,0.043388,1.5,0.48242,0.36867,1.0102e-09,2.5525,1.8718,-1.7823e-09,3.7297,1.786,-2.6817e-08,0,0
0.32,0.051264,0.039795,1.5,0.45708,0.35004,1.0267e-09,2.5137,1.8526,-1.5123e-09,4.0223,2.0664,-2.7181e-08,0,0
0.31,0.046818,0.036386,1.5,0.43215,0.33163,1.0405e-09,2.472,1.8305,-1.2388e-09,4.3132,2.3456,-2.7526e-08,0,0
0.3,0.042619,0.033161,1.5,0.40765,0.31344,1.0515e-09,2.4275,1.8057,-9.6185e-10,4.6021,2.6231,-2.7851e-08,0,0
0.29,0.038663,0.030117,1.5,0.38361,0.29552,1.0597e-09,2.38,1.7781,-6.8179e-10,4.8887,2.8989,-2.8159e-08,0,0
0.28,0.034945,0.02725,1.5,0.36006,0.27789,1.0651e-09,2.3297,1.7477,-3.9874e-10,5.1727,3.1724,-2.8447e-08,0,0
0.27,0.03146,0.024558,1.5,0.33703,0.26058,1.0676e-09,2.2766,1.7146,-1.1291e-10,5.4538,3.4436,-2.8717e-08,0,0
0.26,0.028203,0.022037,1.5,0.31454,0.24361,1.0673e-09,2.2206,1.6788,1.7555e-10,5.7315,3.7119,-2.897e-08,0,0
0.25,0.025168,0.019684,1.5,0.29263,0.22701,1.0641e-09,2.1619,1.6404,4.6643e-10,6.0055,3.977,-2.9204e-08,0,0
0.24,0.022349,0.017496,1.5,0.27131,0.21081,1.058e-09,2.1005,1.5993,7.5957e-10,6.2754,4.2387,-2.9421e-08,0,0
0.23,0.019739,0.015467,1.5,0.25062,0.19503,1.0489e-09,2.0364,1.5556,1.0548e-09,6.5408,4.4964,-2.9622e-08,0,0
0.22,0.017334,0.013594,1.5,0.23059,0.1797,1.0369e-09,1.9697,1.5094,1.3519e-09,6.8012,4.7498,-2.9805e-08,0,0
0.21,0.015125,0.011871,1.5,0.21124,0.16485,1.0219e-09,1.9004,1.4607,1.6508e-09,7.0563,4.9983,-2.9972e-08,0,0
0.2,0.013107,0.010295,1.5,0.19259,0.1505,1.0039e-09,1.8286,1.4094,1.9513e-09,7.3055,5.2416,-3.0124e-08,0,0
0.19,0.011271,0.0088595,1.5,0.17467,0.13667,9.8285e-10,1.7543,1.3558,2.2533e-09,7.5483,5.4791,-3.0261e-08,0,0
0.18,0.0096108,0.0075597,1.5,0.15751,0.12339,9.588e-10,1.6777,1.2999,2.5565e-09,7.7843,5.7103,-3.0383e-08,0,0
0.17,0.0081182,0.0063898,1.5,0.14113,0.11068,9.3172e-10,1.5987,1.2417,2.8609e-09,8.0129,5.9346,-3.0491e-08,0,0
0.16,0.0067856,0.0053441,1.5,0.12554,0.098564,9.0158e-10,1.5174,1.1812,3.1663e-09,8.2335,6.1514,-3.0586e-08,0,0
0.15,0.0056046,0.0044165,1.5,0.11079,0.087062,8.6839e-10,1.434,1.1187,3.4726e-09,8.4455,6.3602,-3.0669e-08,0,0
0.14,0.004567,0.0036007,1.5,0.096871,0.076197,8.3213e-10,1.3486,1.054,3.7796e-09,8.6484,6.5602,-3.074e-08,0,0
0.13,0.0036643,0.0028904,1.5,0.083821,0.065988,7.9279e-10,1.2611,0.98748,4.0873e-09,8.8415,6.7508,-3.08e-08,0,0
0.12,0.0028877,0.0022787,1.5,0.071655,0.056454,7.5038e-10,1.1718,0.91906,4.3956e-09,9.0241,6.9313,-3.0851e-08,0,0
0.11,0.0022282,0.001759,1.5,0.060391,0.047613,7.0488e-10,1.0807,0.84889,4.7043e-09,9.1956,7.1009,-3.0892e-08,0,0
0.1,0.0016768,0.0013241,1.5,0.050047,0.039481,6.5629e-10,0.9879,0.77708,5.0134e-09,9.3553,7.2588,-3.0926e-08,0,0
0.09,0.0012241,0.00096692,1.5,0.040638,0.032076,6.0461e-10,0.8936,0.70376,5.3228e-09,9.5023,7.4042,-3.0953e-08,0,0
0.08,0.00086084,0.00068011,1.5,0.03218,0.025411,5.4984e-10,0.7979,0.62904,5.6324e-09,9.636,7.5362,-3.0974e-08,0,0
0.07,0.00057733,0.00045619,1.5,0.024685,0.019499,4.9196e-10,0.70093,0.55308,5.9423e-09,9.7556,7.654,-3.0991e-08,0,0
0.06,0.0003639,0.00028757,1.5,0.018165,0.014353,4.3099e-10,0.60284,0.47602,6.2523e-09,9.8602,7.7565,-3.1005e-08,0,0
0.05,0.00021074,0.00016655,1.5,0.012631,0.0099821,3.6692e-10,0.50378,0.39801,6.5624e-09,9.9489,7.8428,-3.1017e-08,0,0
0.04,0.00010796,8.5318e-05,1.5,0.008092,0.0063955,2.9974e-10,0.40392,0.31922,6.8726e-09,10.021,7.9119,-3.1029e-08,0,0
0.03,4.556e-05,3.6003e-05,1.5,0.0045549,0.0035998,2.2946e-10,0.30342,0.23983,7.183e-09,10.075,7.9627,-3.1041e-08,0,0
0.02,1.3501e-05,1.0668e-05,1.5,0.0020251,0.0016003,1.5608e-10,0.20247,0.16003,7.4934e-09,10.111,7.9941,-3.1057e-08,0,0
0.01,1.6876e-06,1.3331e-06,1.5,0.0005063,0.00039998,7.9595e-11,0.10127,0.080014,7.8041e-09,10.127,8.005,-3.1076e-08,0,0
0,0,0,1.5,0,0,0,0,0,8.115e-09,10.123,7.9941,-3.1101e-08,0,0
